date,Temp,ws,Solar Rad,Rainfall,Humidity,PM10,PM2.5
01-01-13,17,0,140.45,0,69,388.12,274.59
01-02-13,18.4,2,164.83,0,68,443.78,292.14
01-03-13,18.9,0,93.80,0,74,440.40,297.39
01-04-13,19.9,2,114.00,0,70,362.31,266.01
01-05-13,18.7,2,131.83,0,60,265.14,189.65
01-06-13,18.2,2,118.79,0,53,305.77,205.87
01-07-13,17.1,2,85.66,0,59,326.73,243.88
01-08-13,12.5,2.3,153.30,0,71,310.45,252.26
01-09-13,10.4,2,107.63,0,81,310.18,242.09
01-10-13,12.3,2,121.36,0,80,372.09,297.31
01-11-13,12.5,0,123.41,0,79,363.32,287.66
01-12-13,15.8,2,142.50,0,66,369.64,263.24
01-13-13,16.8,2,140.04,0,73,430.76,285.17
01-14-13,17.7,0,141.90,0,68,394.89,274.04
01-15-13,18.5,2,147.56,0,63,370.77,239.47
01-16-13,18.6,0,118.59,0,68,399.54,256.46
01-17-13,19.4,0,116.13,0,67,427.11,276.92
01-18-13,20,2,150.73,0,67,299.54,186.57
01-19-13,21.6,0,142.51,0,62,347.17,195.14
01-20-13,21.5,2,137.13,0,64,276.99,157.56
01-21-13,19.6,2,166.38,0,58,229.16,144.70
01-22-13,19.4,2,138.19,0,58,241.84,169.55
01-23-13,19,2.3,91.66,0,59,220.43,150.31
01-24-13,18.5,2.7,115.28,0,60,200.50,137.31
01-25-13,15.7,2.6,103.37,0,66,219.66,159.74
01-26-13,16.1,2.4,97.48,0,59,218.14,131.88
01-27-13,17,2,147.10,0,66,289.35,214.01
01-28-13,18.2,2,133.40,0,64,278.26,219.56
01-29-13,17.9,2,123.35,0,65,333.07,223.26
01-30-13,19.6,2,138.65,0,51,402.50,257.84
01-31-13,20,0,142.58,0,60,413.14,258.53
02-01-13,19.6,0,68.13,0,69,486.78,304.72
02-02-13,21.4,2,139.41,0,59,380.09,257.90
02-03-13,22.3,2,166.90,0,49,355.40,221.62
02-04-13,22.3,2,157.67,0,55,311.39,184.89
02-05-13,23.2,2,153.30,0,58,355.60,217.65
02-06-13,23.8,3,184.54,0,53,283.70,177.89
02-07-13,24.2,2,142.18,0,55,276.47,161.52
02-08-13,22,2.4,144.37,0,62,167.50,102.66
02-09-13,20.7,2,195.81,0,54,194.83,117.40
02-10-13,21.5,3,197.70,0,49,241.96,144.66
02-11-13,22.5,2,176.84,0,51,215.50,168.34
02-12-13,23.3,2,156.32,0,52,175.79,144.19
02-13-13,23.4,2,169.45,0,51,94.61,150.56
02-14-13,22.4,3,200.12,0,54,325.10,178.31
02-15-13,23.8,2,206.31,0,43,354.03,208.85
02-16-13,23.5,2,126.05,0,56,326.63,112.45
02-17-13,19.1,3,64.58,0,82,167.81,30.59
02-18-13,17.9,2,111.61,8,83,135.83,114.27
02-19-13,20.4,2.5,217.51,0,63,209.45,134.82
02-20-13,22.3,2,241.86,0,55,187.12,119.49
02-21-13,23.1,2.8,237.81,0,55,157.33,105.47
02-22-13,24.5,2.5,243.43,0,51,163.70,74.47
02-23-13,24.8,2,244.03,0,56,253.63,94.27
02-24-13,25.9,2,244.74,0,51,201.43,180.00
02-25-13,25.8,2,242.86,0,49,188.27,108.86
02-26-13,25.5,2.3,261.59,0,46,151.96,85.74
02-27-13,25.6,3,304.02,0,52,206.27,124.60
02-28-13,25.2,2,344.00,0,52,366.34,158.72
03-01-13,24,3,268.68,0,43,267.30,140.82
03-02-13,24.4,2.3,267.55,0,44,266.70,127.34
03-03-13,24.8,2,250.50,0,56,211.76,124.69
03-04-13,25.5,2,229.13,0,51,328.58,229.99
03-05-13,25.1,2,247.60,0,50,309.48,194.83
03-06-13,26.1,2,230.10,0,51,464.79,261.77
03-07-13,26.5,4,232.41,0,45,420.24,222.39
03-08-13,26.2,2.3,258.84,0,45,339.78,182.71
03-09-13,26.2,3,212.72,0,47,450.67,214.49
03-10-13,27,2.7,209.34,0,43,378.50,178.79
03-11-13,26.5,2,192.40,0,68,180.36,96.15
03-12-13,27.5,2,191.31,0,70,121.26,65.27
03-13-13,26.8,2,204.20,0,74,145.28,75.88
03-14-13,28.3,2,219.37,8,66,204.39,105.90
03-15-13,29.5,2.5,228.13,0,58,244.19,122.07
03-16-13,28.5,2,230.23,0,53,286.48,136.68
03-17-13,26,3,162.62,0,55,337.71,148.23
03-18-13,26.4,2.5,306.44,0,44,211.10,98.37
03-19-13,27.9,2,288.10,0,50,139.87,67.82
03-20-13,28.4,2.5,276.49,0,54,202.26,122.13
03-21-13,28.5,3,252.63,0,57,261.76,122.15
03-22-13,27.9,2,212.67,0,51,284.38,155.25
03-23-13,28.1,2,239.18,17,72,143.00,85.03
03-24-13,29.2,2,234.12,1,69,155.69,85.70
03-25-13,29.7,2,255.77,0,63,167.43,88.53
03-26-13,30.2,2,292.37,0,56,185.04,78.08
03-27-13,29.7,2,286.83,0,55,159.34,77.07
03-28-13,29.8,2.5,261.44,0,57,168.83,90.50
03-29-13,28.4,3.8,28.13,0,48,291.59,167.10
03-30-13,28.8,2.3,213.11,0,54,188.78,89.99
03-31-13,29.2,2,220.06,0,69,157.19,80.53
04-01-13,27.4,2,218.39,2,62,135.65,74.56
04-02-13,29.2,2,253.88,0,71,126.28,67.77
04-03-13,30,2.2,254.95,0,64,142.30,73.51
04-04-13,31.1,2.5,283.80,0,50,179.79,72.10
04-05-13,30.2,3.3,312.22,0,35,228.46,80.50
04-06-13,29.2,3.5,317.68,0,35,219.40,78.76
04-07-13,29.7,2.8,285.60,0,64,152.71,66.75
04-08-13,30.6,3.4,278.03,0,65,123.30,56.41
04-09-13,30.9,2.8,292.97,0,65,109.33,46.57
04-10-13,30.3,3,278.07,0,69,97.40,42.96
04-11-13,30.7,3,238.49,0,69,113.76,55.74
04-12-13,31.2,2.3,273.60,0,68,111.87,55.35
04-13-13,31.1,3.7,273.14,0,64,105.99,51.55
04-14-13,29.7,4,176.22,0,58,156.07,78.32
04-15-13,28.6,2.5,254.11,0,54,131.57,54.53
04-16-13,25.6,3.3,196.77,0,69,110.96,47.39
04-17-13,25.6,2.5,205.52,3,73,88.52,48.07
04-18-13,26.7,2,152.85,4,64,110.82,62.76
04-19-13,27.5,2.5,225.64,0,68,122.46,
04-20-13,27.6,2.5,296.90,9,61,101.66,75.64
04-21-13,27.5,3,207.28,0,66,178.25,95.23
04-22-13,24.8,2,108.55,0,73,102.32,65.24
04-23-13,26.9,2,233.53,1,68,173.77,103.00
04-24-13,29,2.5,303.06,0,61,195.98,110.07
04-25-13,30.1,4,275.03,0,61,256.66,129.80
04-26-13,31.5,2,288.46,0,61,151.33,78.54
04-27-13,28.4,3,161.44,0,73,96.02,44.61
04-28-13,28.4,2.7,205.49,13,74,76.68,41.16
04-29-13,30.4,2.4,182.95,0,76,89.14,38.41
04-30-13,30.6,2.8,215.62,0,75,96.47,37.08
05-01-13,31.3,4.4,247.70,0,72,97.93,43.29
05-02-13,31.3,3.2,249.08,0,71,88.91,35.91
05-03-13,31.7,3.6,297.87,0,64,93.02,33.68
05-04-13,27.9,4,215.59,0,71,73.23,
05-05-13,25.2,2.8,260.73,4,75,56.08,29.16
05-06-13,23.6,3.4,77.93,2,86,50.02,33.80
05-07-13,26.5,3,174.58,17,84,63.11,33.11
05-08-13,27.4,2,185.85,18,81,57.56,25.44
05-09-13,27.8,4,189.53,40,82,75.92,38.82
05-10-13,30.4,2.8,141.35,0,78,74.05,21.28
05-11-13,29.7,3.8,284.88,0,74,79.98,23.01
05-12-13,26.8,2,217.68,7,79,80.30,42.15
05-13-13,28.7,2.3,238.31,3,73,94.80,41.38
05-14-13,27.8,3.5,201.63,19,76,71.65,43.61
05-15-13,28.5,2,179.33,0,75,85.20,43.89
05-16-13,23.4,2.5,48.22,3,91,33.83,24.63
05-17-13,28.8,3.3,281.29,75,78,92.42,46.05
05-18-13,28.8,3,131.61,0,81,108.90,43.46
05-19-13,30.6,3.7,252.35,3,74,104.09,39.01
05-20-13,27.5,2,123.23,0,86,83.67,41.05
05-21-13,26.7,2.3,134.70,30,85,78.28,42.70
05-22-13,26.4,2,105.45,4,87,70.38,41.24
05-23-13,25.6,2,40.45,1,91,68.79,42.35
05-24-13,25.8,2.7,98.86,109,89,48.85,37.58
05-25-13,28.4,2,191.31,22,80,78.45,46.51
05-26-13,30,2,261.31,0,76,74.25,35.39
05-27-13,30,2,210.91,0,73,92.60,46.57
05-28-13,29,2,192.85,0,74,59.52,28.78
05-29-13,28.4,4.6,169.93,1,78,38.91,21.86
05-30-13,26.9,6.3,138.68,1,82,39.76,19.79
05-31-13,25.6,3,134.49,19,82,48.00,27.41
06-01-13,30.3,2,274.16,12,78,78.89,37.64
06-02-13,31,3.5,300.88,0,73,94.60,36.96
06-03-13,32.2,3.5,315.85,0,71,108.51,45.71
06-04-13,32.1,2,266.98,0,72,91.18,41.13
06-05-13,31.5,3.5,217.04,0,74,84.50,41.82
06-06-13,29.2,2,130.20,1,82,64.81,35.81
06-07-13,26.4,0,54.79,37,93,37.80,22.71
06-08-13,30,2.2,263.35,20,77,57.82,26.39
06-09-13,29.7,2,163.21,0,79,70.59,30.34
06-10-13,31.2,2,171.66,0,72,70.64,34.53
06-11-13,32.1,2,284.02,0,68,78.83,40.15
06-12-13,31.2,2.7,201.11,0,65,58.93,20.97
06-13-13,30.9,2,250.03,0,67,56.17,21.37
06-14-13,29.2,2,141.82,0,77,58.61,25.40
06-15-13,30.5,2.3,213.02,1,74,114.48,51.43
06-16-13,31.9,2,322.29,0,67,107.74,44.51
06-17-13,32,2.3,336.52,0,66,119.96,47.24
06-18-13,32.2,2,305.41,0,67,122.06,44.14
06-19-13,29.6,2.3,189.71,0,81,88.83,37.74
06-20-13,29.7,2,214.85,9,81,87.94,46.94
06-21-13,30.9,2,224.18,34,74,95.19,45.68
06-22-13,30.9,2,262.98,11,73,49.69,26.07
06-23-13,30.9,2.5,213.42,0,73,64.98,23.35
06-24-13,30.3,4.5,198.19,1,72,60.25,21.38
06-25-13,27.9,5.3,122.79,1,87,34.32,15.76
06-26-13,28.8,2,167.07,32,84,37.98,19.86
06-27-13,29.4,3,159.60,10,83,49.55,23.75
06-28-13,27.4,2,55.44,14,91,43.74,23.38
06-29-13,26.9,3,79.49,85,94,43.63,38.71
06-30-13,27.5,2,93.67,57,88,49.81,34.31
07-01-13,29.4,2,177.97,5,79,80.18,36.60
07-02-13,29.8,2,204.19,0,76,81.30,30.48
07-03-13,29.6,2,184.93,0,78,70.52,26.81
07-04-13,28.3,2.3,91.84,0,85,57.39,26.11
07-05-13,30.4,2.7,286.23,28,75,59.65,21.69
07-06-13,30,2.5,249.40,0,76,59.54,17.29
07-07-13,29.5,2.2,225.38,0,78,69.89,22.52
07-08-13,30.6,2.2,314.46,0,73,66.50,17.49
07-09-13,30.3,2.3,270.25,0,75,64.26,21.78
07-10-13,30.4,2,258.47,0,74,49.27,13.24
07-11-13,29.7,3.2,184.79,1,74,48.81,14.59
07-12-13,29.2,2.3,169.88,0,80,44.53,18.79
07-13-13,28.6,3.7,176.80,5,79,35.34,14.42
07-14-13,28.7,2,162.33,6,81,46.50,21.36
07-15-13,30.5,2.8,217.05,3,71,62.27,28.07
07-16-13,30,2.5,180.46,0,75,43.41,19.30
07-17-13,29.4,3.5,225.68,1,76,51.02,22.58
07-18-13,29.8,3.2,208.08,1,74,44.81,14.75
07-19-13,28.9,2.6,198.77,2,81,55.04,23.98
07-20-13,28.7,2,201.69,41,83,46.56,21.23
07-21-13,30.1,2,205.67,11,73,61.32,21.76
07-22-13,31.1,2.7,220.66,2,69,55.53,20.81
07-23-13,30.9,2.2,235.65,0,69,50.96,23.28
07-24-13,30.6,2,221.69,1,70,54.77,20.79
07-25-13,29.4,2.8,197.81,0,76,39.64,17.05
07-26-13,27.7,4.5,150.89,5,87,35.58,18.74
07-27-13,26.9,2,79.58,29,90,30.91,19.67
07-28-13,26.1,2,70.71,122,92,34.11,25.02
07-29-13,27.9,2.3,202.08,35,82,43.73,17.12
07-30-13,29.1,2.8,235.90,3,76,59.18,24.03
07-31-13,28.3,2.5,142.09,1,79,57.19,20.77
08-01-13,29.1,3.3,212.88,4,78,70.01,26.90
08-02-13,30.2,2.8,233.93,6,74,76.86,29.38
08-03-13,30.2,2,215.74,0,79,92.10,42.45
08-04-13,29.2,2,180.94,17,80,92.59,35.10
08-05-13,29.2,2.7,179.79,0,74,67.86,21.80
08-06-13,26.9,2,53.01,3,87,63.04,17.95
08-07-13,27.5,2.5,107.99,20,88,35.80,16.32
08-08-13,28.3,2.5,,39,80,,
08-09-13,29.7,3,,1,75,,
08-10-13,27.6,1.7,,1,87,,
08-11-13,27.7,2,169.42,18,85,29.12,15.40
08-12-13,28.1,2,153.47,4,85,31.77,21.40
08-13-13,29.4,2,177.73,4,78,30.75,17.15
08-14-13,28.2,2.7,137.06,1,84,35.17,20.63
08-15-13,27.6,2,100.75,0,88,35.44,22.98
08-16-13,27.6,2.3,154.08,30,87,33.34,16.52
08-17-13,28.6,2.3,189.17,8,80,37.67,17.18
08-18-13,28.4,3,209.29,1,78,27.66,13.40
08-19-13,28.4,3.5,145.93,0,76,32.66,12.43
08-20-13,27.1,5,83.69,0,85,27.69,16.47
08-21-13,27.9,2.3,126.75,1,84,66.72,32.03
08-22-13,29,2.3,196.38,11,79,79.63,35.91
08-23-13,30.2,2.7,205.72,7,75,75.35,30.97
08-24-13,30.1,2,184.64,0,75,,32.70
08-25-13,31.3,2,329.59,0,72,50.37,29.73
08-26-13,28.7,2.5,177.38,0,83,57.28,32.63
08-27-13,28,2,173.55,17,84,24.04,18.92
08-28-13,28.6,2.3,220.37,5,81,40.71,19.39
08-29-13,28.7,3,191.49,4,82,47.89,23.04
08-30-13,29.3,2.2,253.63,9,80,58.53,28.55
08-31-13,29,2.3,170.20,1,85,71.85,36.72
09-01-13,29,2,155.96,0,87,66.36,37.68
09-02-13,29.1,2.3,197.03,2,79,58.30,27.12
09-03-13,29,2,190.94,1,80,63.64,25.54
09-04-13,29.1,2,215.59,5,81,77.74,36.46
09-05-13,28.8,2.5,169.26,11,84,66.72,39.37
09-06-13,29.3,2,,4,82,,
09-07-13,29.3,2.3,,5,78,,
09-08-13,25.8,2,59.46,0,94,67.52,49.70
09-09-13,27.8,2,171.74,0,84,75.23,41.48
09-10-13,27.8,2,183.83,0,83,61.64,31.53
09-11-13,28.8,0,144.95,0,83,93.11,41.80
09-12-13,29.2,0,153.92,3,83,137.38,91.62
09-13-13,31.4,2,240.70,26,73,124.38,64.77
09-14-13,27.7,2,124.90,12,85,101.02,50.51
09-15-13,29.6,2,201.99,0,76,109.09,60.97
09-16-13,29.1,0,164.84,0,80,101.07,49.97
09-17-13,29.5,2,140.18,0,80,87.46,44.59
09-18-13,29.5,2,206.37,12,78,47.86,22.89
09-19-13,29.8,3,230.68,0,71,45.29,17.23
09-20-13,30.3,2.5,255.23,2,72,61.89,16.66
09-21-13,29.8,2,166.08,0,78,114.17,50.75
09-22-13,29.2,2,147.88,4,85,110.34,53.40
09-23-13,30.6,0,174.02,0,77,145.76,68.15
09-24-13,30.2,2,151.89,0,81,164.43,65.61
09-25-13,27.4,0,58.65,27,90,111.15,61.19
09-26-13,28.3,2,146.89,1,84,101.85,65.27
09-27-13,28.7,4,169.50,20,81,117.84,59.40
09-28-13,28.4,0,81.89,0,84,105.15,56.84
09-29-13,26.8,2,136.13,1,86,34.16,17.06
09-30-13,26.6,2.3,132.75,2,84,35.65,21.17
10-01-13,28.5,2,149.24,5,79,70.13,42.93
10-02-13,30,2.5,245.91,0,72,141.54,66.48
10-03-13,28.1,2,183.92,0,79,61.79,29.03
10-04-13,25.9,2,66.72,4,90,49.89,27.45
10-05-13,26.6,2,114.51,30,90,45.38,25.54
10-06-13,26.3,2,85.72,13,88,59.59,31.88
10-07-13,26.9,0,128.06,3,88,61.63,42.31
10-08-13,27.9,2,220.61,1,76,64.84,40.55
10-09-13,28.3,2,202.32,0,75,67.28,38.01
10-10-13,29.2,2,251.07,0,70,102.85,60.04
10-11-13,29.4,2,258.52,0,69,164.82,89.32
10-12-13,28.9,2,200.36,0,77,97.29,59.79
10-13-13,29,3.2,182.46,4,72,62.89,32.12
10-14-13,29.3,2.7,213.59,1,71,50.87,22.59
10-15-13,28,3,167.47,0,80,48.82,27.79
10-16-13,27.6,2,139.47,6,82,59.79,51.74
10-17-13,28.7,0,155.56,1,80,87.31,70.68
10-18-13,29.4,0,219.60,0,73,74.53,54.83
10-19-13,29.6,2,240.18,0,72,88.20,59.34
10-20-13,27.4,2,195.50,0,78,77.27,54.46
10-21-13,25.4,4,142.57,3,88,53.33,39.27
10-22-13,24.9,0,67.74,35,90,58.56,41.05
10-23-13,25.4,0,112.91,13,86,69.99,46.59
10-24-13,27.4,0,228.22,0,79,78.72,49.67
10-25-13,24.4,2,70.98,0,91,65.94,38.35
10-26-13,23.4,2.3,64.16,11,88,19.80,22.83
10-27-13,24.9,2,161.47,1,81,34.28,28.99
10-28-13,26,2,239.74,0,76,72.67,37.64
10-29-13,26.8,2,225.79,0,73,86.65,47.01
10-30-13,25.5,2,221.12,0,67,227.78,111.26
10-31-13,25.4,2,203.67,0,67,354.93,163.18
11-01-13,25,2,194.30,0,69,240.24,131.07
11-02-13,25.4,2,196.17,0,70,338.93,136.50
11-03-13,26.1,0,191.47,0,72,234.79,121.23
11-04-13,24.4,0,166.82,0,81,151.92,110.35
11-05-13,24.4,2,194.46,0,73,143.06,104.99
11-06-13,24,2,201.06,0,74,181.35,115.19
11-07-13,24.5,2,226.10,0,69,155.97,91.15
11-08-13,24.5,2,241.35,0,69,103.54,61.73
11-09-13,24.7,0,244.90,0,68,112.52,60.98
11-10-13,25.4,2,237.45,0,66,141.99,79.32
11-11-13,25.2,2,247.05,0,58,102.69,56.11
11-12-13,24.2,2.5,244.08,0,52,122.79,73.64
11-13-13,23.9,2,231.51,0,57,129.10,80.68
11-14-13,23.5,2,230.10,0,64,168.25,104.41
11-15-13,23.9,0,235.59,0,61,193.41,
11-16-13,25,2,234.04,0,56,178.34,
11-17-13,22.9,2,164.93,0,69,165.10,91.02
11-18-13,24.5,2,212.76,0,60,183.77,97.22
11-19-13,23.2,2,215.27,0,60,176.67,105.75
11-20-13,22.1,2,199.62,0,66,226.17,126.79
11-21-13,21.8,2,60.20,0,71,279.88,169.74
11-22-13,22.7,2,204.06,0,67,194.55,104.19
11-23-13,22.7,2.5,201.55,0,63,190.56,106.85
11-24-13,22,2,168.32,0,65,309.86,161.64
11-25-13,22.3,2,178.78,0,70,209.78,125.55
11-26-13,22.7,0,168.91,0,72,229.21,147.14
11-27-13,22.4,2,179.32,0,75,186.68,116.59
11-28-13,23.2,2,185.49,0,69,228.10,126.70
11-29-13,23.6,2,167.71,0,67,225.71,121.30
11-30-13,23.4,2,159.14,0,71,188.40,124.69
12-01-13,23.7,2.3,160.90,0,66,196.37,130.92
12-02-13,23.5,2,163.48,0,65,184.56,136.71
12-03-13,22.4,2,162.48,0,75,220.54,139.77
12-04-13,23.4,2,181.36,0,69,151.80,85.41
12-05-13,23.1,0,152.56,0,68,170.19,108.70
12-06-13,22.4,0,161.79,0,70,217.06,119.55
12-07-13,22.5,2,144.71,0,72,259.60,137.66
12-08-13,22.6,2,158.12,0,68,196.92,115.42
12-09-13,22.3,3,124.69,0,77,226.71,130.08
12-10-13,22.4,2,153.39,0,71,165.40,97.60
12-11-13,22,2,160.25,0,64,239.98,130.36
12-12-13,20.1,0,137.71,0,67,349.63,217.52
12-13-13,20,2,130.46,0,67,389.83,250.88
12-14-13,19.4,2,132.39,0,70,498.87,260.01
12-15-13,19.1,2,163.95,0,75,310.15,192.70
12-16-13,19.5,2,163.18,0,68,301.44,156.16
12-17-13,19,0,165.24,0,67,242.64,154.13
12-18-13,19.3,2,119.54,0,69,362.63,211.12
12-19-13,18.8,0,98.02,0,79,328.00,202.47
12-20-13,19.7,2,81.75,0,80,372.30,246.45
12-21-13,20,0,115.94,0,85,287.18,237.00
12-22-13,20,0,127.80,0,80,207.58,173.88
12-23-13,21,2,137.78,0,75,275.77,190.56
12-24-13,20.8,2.8,150.04,0,68,279.23,194.00
12-25-13,17.4,3,146.93,0,75,275.74,211.46
12-26-13,17.5,2.3,138.98,0,73,304.99,220.93
12-27-13,16,2,116.61,0,85,364.32,267.83
12-28-13,16.6,0,114.68,0,84,322.55,260.35
12-29-13,16.8,2,144.95,0,82,271.38,210.17
12-30-13,17.3,2,166.83,0,72,257.44,184.58
12-31-13,16.4,2,165.35,0,73,365.45,228.14
01-01-14,19.2,2,171.73,0,63,294.61,198.61
01-02-14,19.3,2,145.43,0,71,345.77,202.06
01-03-14,18.2,2,163.25,0,66,257.00,179.55
01-04-14,16.9,2,159.31,0,71,250.55,194.37
01-05-14,17,2,140.84,0,76,294.75,237.31
01-06-14,17.1,0,43.29,0,84,401.23,307.44
01-07-14,17,2,113.54,0,77,376.32,257.55
01-08-14,16.6,2,181.46,0,60,264.31,193.75
01-09-14,14.4,2,103.31,0,87,293.26,228.07
01-10-14,15.7,2,126.31,0,83,298.95,207.61
01-11-14,20,2,164.77,0,63,331.84,216.18
01-12-14,19.5,2,137.02,0,64,230.58,136.73
01-13-14,20,2.5,162.67,0,67,188.06,130.20
01-14-14,17.2,2,122.41,0,83,231.07,172.62
01-15-14,15.8,2,38.23,0,88,176.53,135.90
01-16-14,16.7,2.7,113.46,0,78,207.42,142.65
01-17-14,17.2,2.3,120.55,0,84,228.84,155.38
01-18-14,20.1,3,164.47,0,69,304.75,182.38
01-19-14,20.3,4,153.91,0,72,297.96,153.82
01-20-14,18.6,2,146.17,0,79,216.50,152.43
01-21-14,16.7,2.5,119.82,0,85,157.55,122.15
01-22-14,19.2,2,195.04,0,80,211.29,145.81
01-23-14,21.4,2,137.61,0,66,305.52,172.58
01-24-14,21,3,149.45,0,67,276.35,177.00
01-25-14,21.2,2,158.16,0,61,225.67,156.24
01-26-14,19.7,2.5,265.56,0,62,216.97,122.90
01-27-14,17.5,2,180.32,0,70,197.83,143.48
01-28-14,17.1,2.5,143.74,0,71,208.31,144.03
01-29-14,19.3,2,177.68,0,67,292.62,179.62
01-30-14,20,2.5,171.02,0,61,309.09,189.55
01-31-14,18,3,151.31,0,81,218.93,164.42
02-01-14,18.4,2.5,129.95,0,78,230.84,163.30
02-02-14,19.3,2.8,195.49,0,66,219.81,147.90
02-03-14,17.6,2.5,182.99,0,67,204.07,143.67
02-04-14,16.2,3,160.91,0,77,316.95,211.49
02-05-14,19.6,2,156.88,0,74,364.85,223.58
02-06-14,21.1,2,24.45,0,67,450.13,270.75
02-07-14,21.9,3,179.11,0,59,805.00,250.84
02-08-14,23.6,2,166.79,0,67,232.95,133.89
02-09-14,23.1,2,163.49,0,65,267.83,137.45
02-10-14,22,2,150.69,0,51,214.99,99.42
02-11-14,22.4,2.3,147.04,0,51,248.47,125.99
02-12-14,21.5,2,194.23,0,44,185.47,100.61
02-13-14,20.7,2.8,186.32,0,48,210.57,107.72
02-14-14,21.6,2,165.57,0,45,213.87,113.96
02-15-14,19.6,2.8,120.49,0,71,161.90,87.79
02-16-14,18.8,2.3,59.64,1,87,101.08,85.08
02-17-14,17.9,2,124.26,8,79,156.88,115.62
02-18-14,18.8,2.7,234.00,3,59,258.30,155.56
02-19-14,21.2,2,246.52,0,56,189.72,129.08
02-20-14,21,2,242.70,0,58,282.40,166.39
02-21-14,20.9,2.7,228.86,0,58,383.33,229.19
02-22-14,21.9,2,178.09,0,59,401.10,236.49
02-23-14,23.1,2.7,190.64,0,58,273.16,179.56
02-24-14,23.4,2,211.97,0,64,205.94,107.71
02-25-14,24.3,2.5,234.06,0,52,200.14,130.02
02-26-14,22.7,2,208.10,0,58,329.93,189.97
02-27-14,23.4,2.5,190.89,0,56,311.20,198.40
02-28-14,22.3,5,190.94,0,65,187.74,109.34
03-01-14,23.4,2,204.86,0,57,147.94,95.90
03-02-14,23.4,2.8,196.63,0,59,132.86,76.85
03-03-14,24,2,226.54,0,55,171.59,121.44
03-04-14,23.9,3,208.27,0,46,212.63,128.16
03-05-14,23.2,2.7,245.46,0,52,228.01,149.31
03-06-14,23.7,2,226.34,0,52,262.65,147.76
03-07-14,23.3,4.7,240.53,0,48,256.18,156.34
03-08-14,22.8,2,242.63,0,47,324.85,151.40
03-09-14,23.7,2,239.39,0,44,252.47,102.13
03-10-14,24.5,2.8,215.24,0,45,268.10,119.29
03-11-14,24.6,2,250.74,0,45,299.32,204.81
03-12-14,26.1,2,205.94,0,47,484.38,312.61
03-13-14,27.1,2,170.22,0,52,381.95,188.75
03-14-14,26.8,2,153.19,0,45,211.75,97.59
03-15-14,25.9,3,263.10,0,40,229.82,143.45
03-16-14,25.8,2.3,255.40,0,42,372.42,196.28
03-17-14,26.5,2,231.93,0,44,441.50,313.71
03-18-14,27.9,2,187.20,0,60,194.27,250.82
03-19-14,28.3,2.5,199.31,0,64,168.80,88.70
03-20-14,27.4,2,223.20,0,52,155.70,121.53
03-21-14,27.1,2,176.63,0,50,321.57,146.09
03-22-14,27.2,2,244.09,0,57,220.09,112.59
03-23-14,26,2,276.69,10,58,96.00,68.67
03-24-14,26.5,2.5,207.30,0,65,155.05,85.90
03-25-14,27.1,2,250.87,0,66,199.36,87.84
03-26-14,28.5,2,210.79,0,67,145.52,82.54
03-27-14,30.2,2,272.92,0,65,228.22,76.12
03-28-14,30.5,3,303.76,0,56,141.35,75.18
03-29-14,31.5,2,270.44,0,42,197.22,81.49
03-30-14,31.5,2.7,279.59,0,47,161.40,84.93
03-31-14,31.6,2,274.56,0,51,232.00,101.82
04-01-14,30.7,2,237.26,0,58,189.15,78.66
04-02-14,30.9,2,255.22,0,54,209.04,92.90
04-03-14,29.7,2,225.54,0,59,201.68,84.06
04-04-14,25,2,229.74,54,69,91.12,62.45
04-05-14,27.7,2,218.38,6,65,202.76,107.91
04-06-14,27.9,2,246.52,0,70,147.34,85.07
04-07-14,29.5,2.3,298.46,1,68,129.58,55.77
04-08-14,29.9,2.7,221.39,0,71,103.74,45.49
04-09-14,30.5,3.3,229.26,0,68,99.87,44.83
04-10-14,29.6,2,265.53,0,60,132.98,58.38
04-11-14,30.2,2,262.92,0,52,189.44,91.47
04-12-14,30.8,2,276.64,0,50,193.13,75.04
04-13-14,30.1,2,279.65,0,42,95.54,81.25
04-14-14,29.7,3,256.87,0,50,352.60,127.77
04-15-14,29.8,2,223.19,0,51,363.01,164.75
04-16-14,31.6,2,234.25,0,49,266.36,131.72
04-17-14,31.3,2,253.90,0,63,137.38,60.88
04-18-14,32.2,2,257.20,0,58,158.06,68.81
04-19-14,31.8,2,223.97,0,58,229.36,96.77
04-20-14,32.6,2,254.03,0,51,298.19,147.83
04-21-14,32,2,287.53,0,40,334.65,160.60
04-22-14,32.4,2,247.86,0,37,387.43,220.75
04-23-14,32.8,2,285.70,0,36,345.05,180.47
04-24-14,34.4,2.3,258.97,0,38,284.62,117.03
04-25-14,32.2,2.5,239.09,0,50,227.14,83.83
04-26-14,31.5,2.3,249.88,0,58,134.43,63.26
04-27-14,32.2,2,295.75,1,64,171.53,77.69
04-28-14,29.4,2,190.37,0,68,108.27,47.68
04-29-14,30.4,2,235.02,7,65,111.51,46.30
04-30-14,31,2.3,292.49,11,65,100.78,56.72
05-01-14,29.4,5.5,256.10,0,68,94.58,46.68
05-02-14,29.5,4.5,254.62,15,64,77.33,53.56
05-03-14,28.7,2,217.23,3,60,110.40,50.52
05-04-14,30.3,2,268.31,0,61,90.86,52.25
05-05-14,28.4,2,137.34,0,72,89.86,46.00
05-06-14,31.3,2,254.65,0,60,120.89,67.68
05-07-14,27.7,2.5,238.81,0,78,77.49,30.46
05-08-14,30.6,2,232.89,22,68,83.53,34.89
05-09-14,32.3,3,267.93,0,65,90.49,27.05
05-10-14,31.6,2,160.51,0,65,90.16,38.84
05-11-14,28.7,3,145.28,1,76,54.42,22.35
05-12-14,31.4,3.7,303.64,3,69,70.75,31.67
05-13-14,31.1,3.3,261.42,0,69,105.16,41.84
05-14-14,30.9,2.5,275.24,15,61,106.28,55.89
05-15-14,30.6,2.3,244.42,0,63,114.64,52.22
05-16-14,31.9,2,271.30,0,61,121.70,55.62
05-17-14,31.8,2,250.03,0,65,112.10,53.34
05-18-14,32.3,2,273.18,0,64,115.00,51.36
05-19-14,32.2,3.7,247.13,0,67,108.07,49.62
05-20-14,32.1,3,279.35,0,66,115.23,49.91
05-21-14,31.9,2.2,249.09,0,64,118.51,45.21
05-22-14,32.3,2,274.14,0,64,92.12,33.10
05-23-14,33.1,2.5,247.99,0,62,81.52,29.05
05-24-14,28.4,3,169.33,0,75,63.06,32.68
05-25-14,27.5,3,209.46,34,82,60.54,36.99
05-26-14,29.3,2,199.80,20,75,73.24,42.75
05-27-14,28.5,2,206.76,0,82,82.96,56.00
05-28-14,27.9,4.5,115.82,10,83,54.27,33.31
05-29-14,30.4,4,232.51,18,65,69.09,29.83
05-30-14,27.6,6,171.76,0,76,72.29,41.06
05-31-14,26.9,2,61.15,6,85,70.99,45.37
06-01-14,27.4,2,128.30,5,81,63.68,37.40
06-02-14,27,2,68.30,24,89,67.86,45.18
06-03-14,29.2,2.5,223.83,52,79,58.14,34.87
06-04-14,30.7,2,246.19,15,74,78.49,37.08
06-05-14,31.7,2,256.57,0,71,79.29,36.16
06-06-14,31.7,2,278.45,0,68,75.12,27.28
06-07-14,31.7,2,245.66,0,68,72.75,28.91
06-08-14,32,2,274.25,0,66,68.56,25.57
06-09-14,32,2.2,247.89,0,68,62.41,22.60
06-10-14,31.3,2.3,204.39,0,73,74.59,30.76
06-11-14,27.8,2,115.59,0,79,94.50,42.66
06-12-14,32.3,2,243.73,22,73,100.37,45.07
06-13-14,30,2.3,252.09,0,75,85.81,43.40
06-14-14,32.2,2,290.37,12,67,108.70,56.59
06-15-14,31,2,301.22,0,70,98.40,43.79
06-16-14,31.3,2,266.74,21,71,103.29,55.32
06-17-14,28.4,2,136.41,0,88,94.81,62.19
06-18-14,29.3,2,123.98,15,80,77.24,44.09
06-19-14,28.4,2,116.26,0,85,52.34,33.03
06-20-14,27.7,2,91.19,32,86,42.36,29.37
06-21-14,27.3,2.5,73.75,13,89,38.95,27.94
06-22-14,27.4,2.8,3.85,25,92,54.51,38.27
06-23-14,26,2.5,32.32,14,91,45.68,34.67
06-24-14,27.5,2,129.59,40,79,73.74,48.20
06-25-14,30,2,176.54,19,77,117.69,59.22
06-26-14,29.2,2,141.61,0,81,98.16,50.74
06-27-14,28.8,3,504.94,1,80,49.88,28.87
06-28-14,29.2,2.3,971.63,9,79,53.61,27.02
06-29-14,28.6,2,580.43,13,85,62.64,36.15
06-30-14,29.6,2,166.73,10,76,62.46,35.96
07-01-14,29.6,3.2,227.49,0,74,49.76,32.88
07-02-14,29.1,2.3,149.88,0,78,45.35,22.61
07-03-14,28,2.3,105.01,1,86,52.69,32.26
07-04-14,28.2,2.3,107.98,4,83,51.09,30.40
07-05-14,26.9,2,59.63,5,90,28.57,25.72
07-06-14,29.5,2,253.79,69,82,76.29,31.13
07-07-14,30.6,2.7,275.17,3,75,69.91,24.99
07-08-14,29.7,2,233.50,0,79,63.84,23.00
07-09-14,30.8,2,227.26,37,74,67.64,33.90
07-10-14,31,3,180.49,0,75,76.24,40.38
07-11-14,30.6,2,194.06,2,72,57.01,30.93
07-12-14,31.8,2,231.15,4,67,54.00,22.67
07-13-14,31.3,2.6,247.13,0,71,25.00,17.17
07-14-14,30.6,2.1,136.38,1,72,57.00,23.12
07-15-14,29.1,2.8,134.65,0,77,30.33,16.08
07-16-14,28.1,2.6,145.28,5,84,30.00,18.36
07-17-14,29.3,2,220.37,8,79,51.80,23.93
07-18-14,29.8,2,186.98,6,78,51.00,22.11
07-19-14,29.8,2.2,192.48,3,77,35.50,25.39
07-20-14,29.3,3.8,179.07,0,75,50.50,16.57
07-21-14,27.3,2.8,93.39,4,86,25.96,14.20
07-22-14,28.1,2,144.93,9,82,49.16,26.19
07-23-14,29.2,2,189.86,8,75,69.54,31.09
07-24-14,29.3,2,192.09,2,76,69.26,33.27
07-25-14,30.7,2.3,233.53,0,71,65.61,29.55
07-26-14,31.1,2,263.71,0,70,66.06,26.98
07-27-14,28.4,2,133.94,11,81,42.68,23.39
07-28-14,28.9,2,170.86,23,78,31.89,18.15
07-29-14,29.3,2.4,191.58,3,77,19.84,12.26
07-30-14,30.3,2,234.12,2,73,22.75,11.24
07-31-14,29.9,2,217.12,2,76,25.61,19.24
08-01-14,30.5,2,216.21,1,75,30.38,21.79
08-02-14,30.4,2.5,244.32,1,73,26.72,28.77
08-03-14,28.9,2.8,152.31,0,80,28.41,17.00
08-04-14,28.5,2.4,176.39,5,82,28.12,17.53
08-05-14,29.2,2.3,238.96,20,81,43.98,24.37
08-06-14,28.5,2,126.21,11,83,45.78,24.19
08-07-14,29.4,2.3,174.75,23,81,42.95,25.12
08-08-14,29.5,2,277.77,1,73,42.79,19.37
08-09-14,29.7,2.8,176.80,0,74,41.20,17.79
08-10-14,29.7,2.2,212.61,0,77,37.61,17.01
08-11-14,29.8,2,224.32,0,79,55.18,23.80
08-12-14,29.6,2.5,210.30,2,82,53.29,24.48
08-13-14,27.4,3,54.08,23,90,40.23,24.47
08-14-14,26.7,2,44.28,14,93,44.45,31.11
08-15-14,27.7,0,78.23,55,90,48.97,40.72
08-16-14,27.5,0,110.96,10,88,41.69,31.97
08-17-14,28.4,2,168.48,16,83,49.43,32.68
08-18-14,28.8,0,174.19,0,84,60.73,31.03
08-19-14,27.9,2,115.95,17,87,48.19,31.18
08-20-14,28.6,2,204.16,75,85,50.99,36.25
08-21-14,29.5,2.5,226.39,15,81,72.41,41.46
08-22-14,28.6,2,166.14,0,85,54.51,32.92
08-23-14,28.6,2,166.30,16,84,36.65,17.95
08-24-14,29.2,2.4,190.45,0,81,47.51,19.24
08-25-14,28.4,0,168.65,0,84,48.44,18.67
08-26-14,27.3,2,113.09,0,90,64.86,40.32
08-27-14,27.9,0,97.01,15,90,97.62,70.53
08-28-14,27.4,3,155.88,9,87,54.89,41.09
08-29-14,30.2,2,275.83,13,73,64.58,34.93
08-30-14,29.6,3,184.66,0,77,61.76,26.41
08-31-14,28,3.3,171.18,49,78,33.09,16.17
09-01-14,28.6,2.2,211.19,1,74,39.18,17.42
09-02-14,29.5,2,193.18,0,73,52.51,25.44
09-03-14,30,2,242.31,0,72,55.00,21.07
09-04-14,29.8,2,185.20,0,72,53.17,23.01
09-05-14,29.4,2,162.46,1,73,43.87,23.14
09-06-14,29.8,2,231.36,0,70,66.12,30.42
09-07-14,29.6,2.3,185.20,0,72,59.51,31.27
09-08-14,29.4,2,222.14,0,73,56.82,23.84
09-09-14,29.8,2,248.59,0,73,66.45,27.95
09-10-14,30.3,2,289.81,0,69,54.90,21.99
09-11-14,29.9,2,245.81,0,70,62.46,25.65
09-12-14,29.9,2,175.16,0,73,63.75,29.77
09-13-14,29.9,2,223.64,1,75,55.58,27.00
09-14-14,30.5,2,255.46,0,72,62.39,24.91
09-15-14,29.7,2.5,202.17,0,74,77.15,33.95
09-16-14,29.5,2,112.05,0,77,96.66,56.17
09-17-14,29.8,2,195.52,0,79,96.07,65.58
09-18-14,30.2,2,145.29,5,82,57.82,48.09
09-19-14,28.5,2,126.50,9,82,37.79,21.04
09-20-14,26.7,2,71.14,34,90,28.03,20.61
09-21-14,28.2,2.3,82.28,37,86,53.89,32.20
09-22-14,27.8,2.3,110.49,10,88,35.67,23.39
09-23-14,27.6,2,100.37,35,84,68.55,40.56
09-24-14,27.1,2,127.84,0,87,81.47,46.05
09-25-14,28.5,2,201.14,18,77,80.48,40.86
09-26-14,27.9,2,182.30,0,80,87.53,48.89
09-27-14,29.6,3.7,270.85,4,74,120.26,64.41
09-28-14,29.8,2,280.47,0,71,138.04,65.89
09-29-14,28.6,0,194.81,0,77,172.11,107.67
09-30-14,29.2,2,210.95,1,77,140.72,91.46
10-01-14,30.1,2,262.72,0,70,153.25,86.59
10-02-14,29.4,2,209.16,0,74,146.34,85.66
10-03-14,29.9,2,234.92,0,72,107.77,73.84
10-04-14,30,2,236.85,0,71,121.10,80.79
10-05-14,30.5,2,272.38,0,69,87.89,52.22
10-06-14,30.3,2,256.21,0,69,108.78,73.52
10-07-14,29.3,2,231.77,2,68,72.27,50.00
10-08-14,29.1,0,152.59,0,76,82.38,61.76
10-09-14,29.5,2,211.89,0,76,104.35,67.39
10-10-14,29.5,2,211.97,0,72,76.64,60.81
10-11-14,26.6,3,114.05,1,87,36.83,32.35
10-12-14,27.8,2,158.97,37,81,31.37,27.60
10-13-14,27.6,2.5,178.77,0,84,46.05,36.43
10-14-14,28,2,158.43,6,85,58.09,48.72
10-15-14,29.2,2,216.43,2,75,47.06,34.04
10-16-14,28.9,2,231.64,0,72,57.25,42.66
10-17-14,27.5,2,264.23,0,68,70.63,50.35
10-18-14,26.4,2,196.63,0,66,78.07,55.26
10-19-14,27.1,2.3,242.93,0,64,116.63,68.35
10-20-14,27,2,203.94,0,70,95.76,69.69
10-21-14,26.9,0,244.31,0,68,114.95,71.48
10-22-14,27.7,2,214.17,0,64,136.79,96.65
10-23-14,27.1,2,224.18,0,68,102.87,70.96
10-24-14,26.7,0,190.07,0,71,154.55,109.16
10-25-14,27.2,2,173.41,0,72,106.18,80.16
10-26-14,26.4,2,88.41,1,73,99.44,80.69
10-27-14,24.5,0,74.61,0,71,117.78,73.25
10-28-14,23.4,0,62.89,0,81,143.01,104.15
10-29-14,24.5,2,211.73,0,72,127.26,82.74
10-30-14,25.2,2,219.65,0,65,103.25,75.90
10-31-14,25.2,1,199.63,0,65,147.22,80.49
11-01-14,26.3,2,228.88,0,65,238.28,142.43
11-02-14,25.9,2,196.25,0,68,168.03,116.01
11-03-14,26.7,2,186.66,0,68,168.09,114.24
11-04-14,26.8,0,181.19,0,70,164.48,111.79
11-05-14,26.2,0,160.56,0,68,146.17,102.76
11-06-14,27.5,2,183.37,0,62,116.40,87.08
11-07-14,28.3,0,173.09,0,61,152.62,86.76
11-08-14,29.2,2,131.48,0,66,110.97,60.34
11-09-14,27.4,2,123.75,0,79,170.17,73.75
11-10-14,26.3,2,178.56,0,60,135.08,99.05
11-11-14,25.6,2,161.31,0,64,218.35,137.82
11-12-14,25.5,0,149.42,0,66,303.95,180.46
11-13-14,25.4,2,123.99,0,66,376.21,214.08
11-14-14,24,2,161.16,0,56,281.92,161.21
11-15-14,22.8,2,146.67,0,58,273.54,169.31
11-16-14,23.1,2,137.02,0,64,297.03,188.27
11-17-14,23.6,0,115.12,0,71,342.67,218.11
11-18-14,24.4,2,138.23,0,69,248.38,174.74
11-19-14,24.5,1,143.86,0,67,210.29,142.27
11-20-14,24.5,2,134.55,0,62,206.54,151.74
11-21-14,23.6,2,128.71,0,65,274.59,188.23
11-22-14,22,2,130.02,0,64,422.32,252.23
11-23-14,21.8,3,115.43,0,68,446.14,281.52
11-24-14,21.5,0,125.36,0,64,319.08,234.23
11-25-14,21.5,2,124.01,0,66,344.44,217.11
11-26-14,20.9,0,110.35,0,72,291.11,196.38
11-27-14,21.6,0,104.30,0,72,429.14,255.86
11-28-14,21.2,0,100.39,0,77,399.68,235.02
11-29-14,21.1,0,123.70,0,70,485.21,280.75
11-30-14,21.4,0,109.79,0,78,349.50,235.08
12-01-14,21.4,2,113.28,0,76,283.03,203.25
12-02-14,21.7,0,167.27,0,73,314.32,191.16
12-03-14,21.7,0,145.36,0,74,358.75,203.66
12-04-14,22.1,0,129.47,0,77,350.45,238.38
12-05-14,22.3,0,148.38,0,75,279.84,168.28
12-06-14,23.4,2,180.67,0,67,229.04,145.47
12-07-14,19.1,2,153.78,0,83,189.64,152.46
12-08-14,18.5,2,140.34,0,83,227.49,175.20
12-09-14,18.6,0,143.24,0,86,284.58,222.45
12-10-14,18.9,0,111.49,0,87,372.27,241.19
12-11-14,17.5,2,85.52,0,85,234.65,219.24
12-12-14,16.4,2,108.62,0,84,220.61,179.45
12-13-14,17.5,0,66.34,0,86,280.41,202.85
12-14-14,19.9,2,81.44,0,81,269.23,194.42
12-15-14,19.9,0,93.40,0,81,329.62,192.70
12-16-14,21.7,2.3,180.41,0,67,292.34,179.84
12-17-14,18.7,2.5,144.26,0,73,184.00,143.44
12-18-14,16.1,2,125.63,0,86,225.85,177.67
12-19-14,17.8,2,189.54,0,80,243.07,182.58
12-20-14,19.9,2,193.57,0,66,239.24,155.63
12-21-14,20,2,150.49,0,66,247.64,162.21
12-22-14,19.3,0,159.77,0,66,236.57,168.35
12-23-14,18.8,2,152.29,0,67,262.69,184.94
12-24-14,19.9,2,160.03,0,67,230.63,167.91
12-25-14,19.4,2,173.70,0,71,209.27,172.79
12-26-14,14.1,2.3,52.78,0,89,176.96,154.71
12-27-14,14.8,2,91.36,0,86,196.60,156.83
12-28-14,15.9,1.5,115.67,0,86,258.22,213.03
12-29-14,15.6,2,112.65,0,87,361.85,226.33
12-30-14,18.2,0,123.71,0,80,375.02,273.33
12-31-14,19.4,0,56.32,0,75,391.99,279.25
01-01-15,22.1,0,92.55,0,71,346.08,265.04
01-02-15,23.7,2,127.55,0,71,316.35,198.25
01-03-15,24.7,2,124.09,0,73,269.84,204.98
01-04-15,22.6,3,138.75,1,78,143.53,117.04
01-05-15,19.4,2.5,159.14,0,71,116.95,88.49
01-06-15,18.9,2.5,185.69,0,64,134.61,107.34
01-07-15,17.2,2,169.19,0,69,241.92,198.43
01-08-15,17.6,2,168.43,0,69,353.12,241.09
01-09-15,17.5,2,153.83,0,78,363.02,251.17
01-10-15,17.6,2,198.89,0,72,241.95,184.28
01-11-15,15.6,1.8,161.02,0,77,204.90,168.03
01-12-15,17.1,2,194.74,0,72,221.46,170.60
01-13-15,18.7,2,178.80,0,73,268.65,202.06
01-14-15,20.3,2,173.75,0,69,351.71,211.24
01-15-15,19.7,2,198.95,0,66,323.03,208.64
01-16-15,21.3,2,144.96,0,61,428.04,259.07
01-17-15,18.2,2.3,105.83,2,78,201.13,159.17
01-18-15,14.1,2.7,64.15,0,87,166.77,136.74
01-19-15,14.4,2.3,56.21,0,86,192.46,162.53
01-20-15,15.1,1.5,116.18,0,84,202.10,187.67
01-21-15,16.5,2,153.95,0,84,295.42,203.23
01-22-15,19.3,1.5,193.80,0,73,287.88,230.45
01-23-15,20.4,1.5,183.57,0,64,390.62,194.86
01-24-15,19.8,2,183.63,0,66,352.21,216.70
01-25-15,20.5,2,212.95,0,59,231.69,152.74
01-26-15,20.5,2,211.14,0,55,198.39,131.75
01-27-15,21,2.5,196.76,0,63,214.59,140.63
01-28-15,21.3,3,203.88,0,63,250.43,156.12
01-29-15,21.1,2.7,181.37,0,62,190.67,115.86
01-30-15,19.1,2,126.55,0,72,162.24,121.75
01-31-15,17.8,2,207.53,0,58,179.64,130.38
02-01-15,18.1,2.3,211.67,0,57,239.41,150.87
02-02-15,19.7,2,205.82,0,57,241.52,152.97
02-03-15,20.9,0,216.99,0,56,259.48,144.31
02-04-15,21,2,202.94,0,63,344.78,177.81
02-05-15,22.3,2,170.21,0,57,337.87,199.03
02-06-15,20.2,2.7,177.76,0,55,221.95,141.04
02-07-15,19.4,1.5,194.90,0,65,219.35,152.93
02-08-15,20.9,2,178.78,0,63,291.62,200.04
02-09-15,21.8,3.5,161.98,0,62,314.55,212.92
02-10-15,21.3,2.5,112.54,0,63,448.36,218.54
02-11-15,20.2,2,183.51,0,58,360.54,177.34
02-12-15,20.1,2.5,203.92,0,52,290.01,163.53
02-13-15,20.3,2.5,188.03,0,59,348.38,198.54
02-14-15,21.9,2,187.56,0,56,370.15,202.09
02-15-15,21.5,2,154.56,4,65,179.06,137.42
02-16-15,21.8,2,210.15,0,59,192.60,151.65
02-17-15,22.4,2,195.43,0,59,333.40,214.68
02-18-15,23.4,2,180.17,0,67,284.16,171.30
02-19-15,20.5,2,125.19,2,75,131.81,101.28
02-20-15,23.1,2,212.69,11,74,237.50,150.37
02-21-15,24.6,2,188.13,0,68,236.37,142.80
02-22-15,24.5,2,179.66,0,73,174.82,109.22
02-23-15,25.8,2,211.77,0,67,207.69,118.42
02-24-15,26.1,2,222.17,0,61,173.31,84.96
02-25-15,25.9,0,152.62,0,75,154.31,73.45
02-26-15,26.7,2.3,209.98,0,67,160.45,85.04
02-27-15,26.4,2.3,208.49,0,71,140.73,63.00
02-28-15,25.9,2,201.93,0,69,141.35,70.57
03-01-15,27.5,0,175.74,0,67,304.73,156.28
03-02-15,26.4,6,195.67,0,59,292.94,171.39
03-03-15,24.8,2.5,218.86,0,59,275.59,127.90
03-04-15,22.3,2.5,109.77,0,77,199.79,133.95
03-05-15,22.5,4,272.99,4,56,133.36,87.67
03-06-15,21.5,2.5,287.98,0,52,248.17,115.79
03-07-15,22.3,2.5,278.61,0,54,256.35,132.19
03-08-15,24.5,2,285.67,0,50,302.16,190.57
03-09-15,25.7,2,272.62,0,48,290.95,158.81
03-10-15,25.4,2,283.37,0,45,246.71,146.26
03-11-15,24.1,3,301.76,0,41,257.28,138.59
03-12-15,24.1,2,247.46,0,43,265.01,129.11
03-13-15,24.8,2.5,265.56,0,52,359.50,190.66
03-14-15,26.9,3,254.39,0,46,362.31,180.45
03-15-15,28.5,2.6,257.87,0,42,317.19,172.10
03-16-15,26.8,3,264.31,0,46,190.28,95.33
03-17-15,27.2,2,245.01,0,55,210.90,100.94
03-18-15,26.2,2,196.03,0,56,286.51,136.09
03-19-15,26.1,4,292.72,0,45,190.49,137.59
03-20-15,26.6,2,284.14,0,34,145.07,64.97
03-21-15,26.3,2,240.48,0,46,181.40,85.27
03-22-15,26.8,2,253.57,0,46,255.20,108.20
03-23-15,28.5,2,210.71,0,48,264.48,119.74
03-24-15,29.9,2,225.95,0,48,242.43,109.59
03-25-15,29.6,2.5,211.91,0,49,263.26,102.27
03-26-15,28,2,215.27,0,55,157.85,72.06
03-27-15,29.1,2,208.68,0,62,136.02,80.47
03-28-15,29.2,2,197.33,0,62,124.13,65.05
03-29-15,28.4,2,186.52,0,67,110.90,52.93
03-30-15,28.7,2,230.32,0,63,104.15,50.23
03-31-15,26.7,2,308.09,0,66,98.00,49.10
04-01-15,25.2,2.7,280.97,0,74,91.12,51.89
04-02-15,27.1,2,222.80,58,74,81.81,49.96
04-03-15,27.9,2,252.20,0,74,97.70,55.52
04-04-15,26.9,2.8,245.18,2,76,75.65,38.27
04-05-15,24.9,2.3,150.49,30,75,87.46,51.44
04-06-15,25.9,0,193.22,21,71,65.75,45.44
04-07-15,25.8,2,186.29,0,75,81.89,56.99
04-08-15,26.8,2,265.31,17,67,110.57,54.09
04-09-15,29.1,2,300.01,0,62,108.07,52.79
04-10-15,29.9,2.7,237.72,0,67,103.58,53.70
04-11-15,30.1,2,265.15,0,68,84.64,49.04
04-12-15,28.9,2,227.41,0,62,94.40,49.54
04-13-15,28.2,2,269.49,0,66,85.08,52.52
04-14-15,29.2,2,197.46,0,62,195.47,84.52
04-15-15,30.8,2.5,189.32,1,49,116.94,73.96
04-16-15,30,2,144.90,0,57,179.79,94.54
04-17-15,29.6,4,140.00,0,63,183.25,111.71
04-18-15,29.4,4.7,230.95,0,65,134.95,71.81
04-19-15,26.3,2.7,214.64,15,74,55.38,32.93
04-20-15,29.4,2.7,206.95,0,70,68.28,32.85
04-21-15,30.1,3.3,203.65,0,69,79.61,23.52
04-22-15,27.8,2.3,202.26,0,71,84.08,34.61
04-23-15,27.4,2.7,239.38,6,69,73.05,29.03
04-24-15,27.4,3,195.18,2,69,62.59,36.33
04-25-15,23.8,5.5,104.00,0,83,57.77,42.68
04-26-15,25.9,2,148.21,14,76,101.10,73.18
04-27-15,27.3,2,253.88,0,66,133.15,89.70
04-28-15,28,2.5,260.68,0,65,77.24,53.87
04-29-15,28.9,2,286.85,0,63,64.08,38.30
04-30-15,28.4,3.5,211.22,0,69,80.36,41.85
05-01-15,29.1,2,255.08,0,63,84.69,48.98
05-02-15,28.9,2.7,209.57,0,70,79.43,38.70
05-03-15,30.2,2,266.21,12,64,98.50,47.01
05-04-15,30.5,2,296.54,0,66,120.54,61.80
05-05-15,31,2,299.47,0,67,125.98,55.66
05-06-15,30.8,2.5,276.06,0,66,110.09,49.75
05-07-15,27.5,2.3,193.77,0,70,131.15,42.94
05-08-15,25.7,2.8,232.53,8,68,52.35,32.19
05-09-15,29.8,3.3,208.58,0,71,81.75,49.62
05-10-15,29.8,2.6,206.32,0,72,80.51,38.96
05-11-15,27,2,144.04,1,79,86.95,54.69
05-12-15,27.2,3,181.85,27,75,116.34,71.57
05-13-15,30.7,2,281.35,16,74,122.48,70.29
05-14-15,31.7,2.5,292.14,0,72,88.25,37.61
05-15-15,28.3,2.8,188.74,0,81,60.93,34.97
05-16-15,29.3,2,241.99,46,73,95.21,49.22
05-17-15,29.3,3.5,235.66,1,69,66.99,35.92
05-18-15,29.6,3.5,258.74,0,72,75.92,40.03
05-19-15,30.4,2.5,210.15,0,68,92.66,47.77
05-20-15,31.3,1.5,211.15,0,67,94.84,47.43
05-21-15,31,1.7,250.91,0,71,65.80,30.95
05-22-15,32.1,2,248.18,11,73,96.17,43.57
05-23-15,32,3.7,263.84,0,68,109.87,42.80
05-24-15,28.4,2.5,205.31,12,70,63.73,27.78
05-25-15,30.6,4,217.78,0,70,89.48,40.40
05-26-15,29.9,3,212.82,0,71,77.07,36.93
05-27-15,29,2.4,201.16,38,79,64.00,34.98
05-28-15,29.1,2,204.17,4,76,72.86,33.71
05-29-15,29.7,2,187.19,1,78,74.90,30.76
05-30-15,29.5,2,184.85,8,78,94.55,43.78
05-31-15,31.5,2.5,253.76,0,71,94.50,33.04
06-01-15,31.9,2.8,266.66,0,69,85.83,30.94
06-02-15,30.4,3,218.33,0,71,66.40,27.41
06-03-15,31.8,2,259.10,20,68,54.46,25.67
06-04-15,32.3,3,263.88,0,65,88.08,28.90
06-05-15,31.7,2,256.94,0,68,64.61,27.45
06-06-15,30.8,2.2,253.52,0,74,59.21,25.48
06-07-15,31.4,2.6,252.92,0,70,55.96,22.98
06-08-15,31.6,2.7,265.15,0,69,60.63,23.80
06-09-15,31.5,3.5,226.04,0,70,74.24,25.76
06-10-15,27.8,3,75.66,1,84,50.20,25.59
06-11-15,26,3,26.95,1,86,59.14,32.79
06-12-15,28.8,3,180.57,63,80,62.45,23.99
06-13-15,26.6,12,121.84,8,87,50.48,29.82
06-14-15,28.2,2.7,197.11,38,80,45.24,35.40
06-15-15,28.4,2,195.97,5,83,49.14,26.18
06-16-15,28.4,2,213.30,8,80,34.23,16.15
06-17-15,29.3,2.7,170.82,20,78,46.08,42.50
06-18-15,29.3,2,160.96,0,76,60.21,35.21
06-19-15,31,2,243.94,1,69,55.17,27.56
06-20-15,30.7,2.4,256.40,0,67,41.88,20.18
06-21-15,29.8,3,232.03,0,72,45.52,18.58
06-22-15,27.6,3.2,104.88,3,87,34.55,21.49
06-23-15,28.1,2,134.44,19,85,65.58,26.07
06-24-15,28.2,2,106.65,3,86,54.01,29.18
06-25-15,27,2,83.10,9,91,18.88,24.91
06-26-15,26.7,2.7,76.92,83,92,22.54,15.34
06-27-15,26.5,2.2,61.44,67,89,31.47,28.55
06-28-15,27.5,2,129.98,26,84,55.49,35.75
06-29-15,29.3,2,245.74,0,74,64.55,31.87
06-30-15,29.5,2,206.83,0,74,55.36,24.71
07-01-15,29.4,2,194.06,0,75,63.36,29.17
07-02-15,29.2,2.5,179.25,4,76,61.25,29.43
07-03-15,29.7,2.3,237.48,0,76,60.74,30.35
07-04-15,30.7,2,263.45,0,75,72.25,39.08
07-05-15,28.9,2,123.60,5,83,80.35,56.31
07-06-15,30.7,2,211.04,1,75,105.07,53.46
07-07-15,29.8,2,178.92,0,78,62.98,37.71
07-08-15,28.4,2.5,93.60,29,83,52.44,19.10
07-09-15,26.6,2.5,69.63,36,90,44.47,17.91
07-10-15,27.1,3,200.70,40,90,49.64,26.37
07-11-15,30.3,2,184.57,38,77,42.67,22.49
07-12-15,30.2,3,225.18,0,76,43.08,19.08
07-13-15,31.5,2,238.05,0,75,24.65,37.27
07-14-15,31.1,2.5,221.01,0,77,41.81,49.09
07-15-15,27.2,0,28.72,13,90,34.98,30.78
07-16-15,28.2,0,108.26,63,84,33.58,33.66
07-17-15,27.3,2,126.19,14,87,38.40,19.42
07-18-15,26.8,0,77.26,50,90,42.53,22.14
07-19-15,26.1,2,41.89,90,92,37.56,16.66
07-20-15,26.7,2,64.32,33,91,47.26,19.04
07-21-15,28,2,123.18,44,88,36.21,21.38
07-22-15,27.6,2,127.26,4,85,42.57,23.27
07-23-15,29,2.5,243.21,2,79,46.91,16.67
07-24-15,27.3,2,84.48,12,91,44.99,19.57
07-25-15,26.9,2,107.12,72,87,45.97,15.26
07-26-15,27,3,232.71,1,76,46.14,7.62
07-27-15,26,3.5,92.38,27,86,39.39,16.95
07-28-15,28,2.7,220.78,19,79,51.22,15.47
07-29-15,31,2.8,237.98,13,67,54.69,21.21
07-30-15,30,4,222.23,0,66,90.22,16.11
07-31-15,25.2,4.5,50.95,13,93,67.05,9.55
08-01-15,26.6,2.6,61.69,74,88,41.35,16.69
08-02-15,27.8,2.6,119.43,46,84,39.05,28.17
08-03-15,29,2,192.13,21,79,37.11,34.42
08-04-15,29.8,3,240.73,10,77,36.80,36.24
08-05-15,30.5,2,241.60,0,73,47.11,32.43
08-06-15,30.4,0,148.71,0,75,50.92,37.98
08-07-15,29.4,0,118.51,0,83,48.24,48.97
08-08-15,30.1,2,151.08,2,75,48.62,44.73
08-09-15,30.7,0,184.10,0,72,46.57,36.62
08-10-15,30.7,2,186.68,0,72,47.88,32.37
08-11-15,30.6,2,234.68,0,73,41.05,30.98
08-12-15,30.1,2,204.29,0,74,56.38,22.28
08-13-15,29.5,2,194.94,1,79,34.53,21.35
08-14-15,28.8,2,104.31,6,85,41.34,20.75
08-15-15,29.7,2.5,250.34,10,76,42.75,18.80
08-16-15,29.2,4,185.46,0,79,32.46,16.82
08-17-15,29.4,4.3,188.05,23,79,37.38,18.28
08-18-15,28.9,5.7,174.38,4,84,44.77,24.47
08-19-15,28.7,2,113.99,7,85,44.74,25.37
08-20-15,27.1,2.5,87.12,38,90,37.45,25.11
08-21-15,27.4,1,98.91,88,89,45.78,36.89
08-22-15,29.2,2,189.99,8,82,61.96,38.99
08-23-15,28.9,2,150.64,0,82,75.34,44.70
08-24-15,29.7,2,142.18,7,79,79.42,47.50
08-25-15,30.1,2,149.19,0,77,88.65,46.29
08-26-15,29.9,3,147.27,0,74,70.70,39.80
08-27-15,29.5,2.3,171.35,0,73,59.01,40.04
08-28-15,29,6.5,220.89,2,79,51.95,29.49
08-29-15,29,2,149.50,7,81,46.59,27.04
08-30-15,29.1,2,126.71,3,84,48.67,31.72
08-31-15,28,2,55.30,38,89,46.88,32.54
09-01-15,27,2,69.93,25,89,31.71,36.21
09-02-15,26.7,0,72.03,64,90,60.42,38.99
09-03-15,27.7,2.5,123.47,36,80,70.78,51.10
09-04-15,27.5,0,119.38,5,82,101.00,51.46
09-05-15,27.9,3,174.36,0,85,129.36,57.74
09-06-15,29.3,3,240.08,5,81,175.19,72.15
09-07-15,28.9,2.3,228.17,5,77,86.66,60.53
09-08-15,30,0,243.40,10,79,161.91,57.56
09-09-15,30.5,0,216.38,0,79,147.77,77.65
09-10-15,29.9,0,163.01,2,81,147.34,94.46
09-11-15,29.3,0,164.00,4,81,94.11,59.87
09-12-15,30.6,0,274.60,9,70,92.08,46.55
09-13-15,29.5,2,127.70,0,83,127.84,77.47
09-14-15,30.1,2,181.42,24,70,75.41,39.22
09-15-15,30,2.5,192.84,0,70,68.48,30.46
09-16-15,30.4,2.3,186.85,0,72,81.32,34.79
09-17-15,30.5,0,161.56,0,77,83.60,58.12
09-18-15,30.8,2,174.16,0,74,89.11,50.21
09-19-15,27.5,5,46.63,0,86,52.59,33.36
09-20-15,26.4,4,39.81,18,90,29.38,23.15
09-21-15,27.9,3.3,111.89,60,86,38.21,25.70
09-22-15,27.7,2,78.38,16,87,44.80,33.22
09-23-15,26.9,2,71.38,17,90,39.67,31.65
09-24-15,28.3,2,149.32,46,85,57.79,41.69
09-25-15,29,2,276.91,0,72,130.74,70.01
09-26-15,29,0,273.84,0,67,141.98,76.08
09-27-15,29.1,0,280.71,0,66,135.48,67.61
09-28-15,29.7,2,208.33,0,68,135.51,63.67
09-29-15,30.4,0,243.77,0,69,109.26,66.45
09-30-15,31.2,2,231.42,0,68,100.98,62.76
10-01-15,31,3,233.02,0,68,111.54,76.56
10-02-15,30.8,1.8,209.06,0,68,150.67,83.32
10-03-15,28.9,0,159.28,0,79,97.99,55.10
10-04-15,30.1,3,212.78,2,70,89.69,63.21
10-05-15,29.5,3,161.73,0,77,106.91,66.81
10-06-15,29.4,0,171.26,10,76,89.00,54.58
10-07-15,29,2,204.41,0,76,78.50,37.48
10-08-15,26.2,2,67.95,9,87,22.80,15.33
10-09-15,28.7,0,228.96,1,77,84.88,29.48
10-10-15,28.2,3,210.41,0,74,44.62,44.33
10-11-15,27.9,2,172.21,2,76,68.75,49.66
10-12-15,25.9,4,121.16,0,82,53.33,35.45
10-13-15,25.5,2,130.27,18,87,70.55,46.07
10-14-15,26.4,2.7,184.90,9,77,52.67,32.14
10-15-15,26.5,1.5,125.97,0,80,96.70,54.73
10-16-15,27.9,0,239.36,0,72,127.36,58.37
10-17-15,27.7,2,218.23,0,75,74.52,66.67
10-18-15,28.3,2,244.88,0,68,69.62,53.69
10-19-15,28.3,0,239.89,0,68,87.73,55.54
10-20-15,27.9,3,224.27,0,71,119.50,69.46
10-21-15,27.6,2,155.53,0,75,178.51,99.84
10-22-15,27.8,0,168.76,0,75,191.00,119.14
10-23-15,27.4,2,174.67,0,76,151.39,105.42
10-24-15,26.8,2,210.33,0,70,184.79,119.69
10-25-15,26.3,2,220.77,0,64,189.09,92.10
10-26-15,26.6,2,207.12,0,63,147.68,86.02
10-27-15,26,0,198.21,0,64,147.20,84.34
10-28-15,25.9,0,178.11,0,68,140.61,74.74
10-29-15,26.3,2,163.93,0,68,132.30,74.07
10-30-15,27.2,2,136.06,0,68,116.46,57.21
10-31-15,25.8,2,141.93,0,73,102.01,46.94
11-01-15,24.8,2,101.94,0,77,67.68,24.55
11-02-15,25.8,3,145.00,0,73,58.00,24.43
11-03-15,26.4,2,170.06,0,74,208.95,65.86
11-04-15,26.8,2,209.41,0,70,197.12,118.37
11-05-15,26.1,2,125.51,0,75,152.67,84.09
11-06-15,26.3,0,185.13,0,70,236.58,123.69
11-07-15,25.2,0,162.19,0,72,189.26,113.43
11-08-15,25.2,3,187.16,0,61,181.93,101.97
11-09-15,24.3,2,165.31,0,64,283.62,155.54
11-10-15,24.8,2,192.67,0,66,228.16,117.78
11-11-15,24.8,2,159.69,0,66,195.67,103.79
11-12-15,24.8,0,168.29,0,68,186.31,91.32
11-13-15,24.3,3,182.70,0,67,265.47,131.20
11-14-15,24.9,3,162.20,0,67,255.38,128.81
11-15-15,24.5,0,125.76,0,73,270.41,157.48
11-16-15,24.9,0,125.65,0,74,230.18,133.65
11-17-15,24.7,0,80.72,0,77,306.80,205.51
11-18-15,24.3,0,85.61,0,80,298.14,200.69
11-19-15,23.7,2,152.82,0,77,205.60,132.17
11-20-15,24.3,3,187.27,0,67,192.02,104.38
11-21-15,24.4,2,175.46,0,63,227.85,110.56
11-22-15,24.1,0,174.12,0,64,204.77,98.73
11-23-15,23.4,3,176.33,0,66,181.21,79.26
11-24-15,23.3,2,157.31,0,64,306.01,128.22
11-25-15,22.9,0,137.58,0,67,315.12,144.96
11-26-15,22.5,2,138.66,0,69,272.81,133.37
11-27-15,22.2,0,89.48,0,71,407.07,202.26
11-28-15,22.9,0,119.68,0,73,244.66,156.19
11-29-15,23.3,0,48.85,0,69,297.27,161.47
11-30-15,24,2,149.30,0,66,277.72,150.45
12-01-15,24.6,2,115.07,0,68,322.24,170.77
12-02-15,24.1,0,69.58,0,73,319.10,201.33
12-03-15,24.4,2,76.76,0,72,357.98,226.98
12-04-15,22.8,0,103.45,0,80,204.91,150.03
12-05-15,22.6,2.5,152.55,0,68,175.82,108.96
12-06-15,23,2,115.20,0,70,258.99,167.68
12-07-15,22.1,0,62.46,0,76,311.43,204.64
12-08-15,21.7,0,116.04,0,78,361.69,232.50
12-09-15,22,0,147.49,0,67,260.65,149.77
12-10-15,21.9,2,134.79,0,70,267.58,158.18
12-11-15,22.2,2,95.85,0,80,307.05,189.04
12-12-15,23.8,2,92.97,0,79,316.02,156.47
12-13-15,23.1,2.5,111.67,0,75,309.08,153.49
12-14-15,20.8,2,82.94,0,77,251.86,178.34
12-15-15,19.6,2.5,118.26,0,63,245.07,163.86
12-16-15,18.6,2,143.55,0,55,258.68,166.77
12-17-15,18.2,0,138.19,0,61,359.98,240.77
12-18-15,17.5,2,76.43,0,75,423.73,234.95
12-19-15,17.9,2,105.85,1,71,243.07,256.48
12-20-15,17.4,2,142.30,0,67,359.14,234.95
12-21-15,17.5,2,146.97,0,67,327.10,224.90
12-22-15,18.4,0,157.61,0,64,284.13,175.13
12-23-15,18.3,0,154.06,0,61,255.70,169.95
12-24-15,19.1,3,135.12,0,59,257.34,162.40
12-25-15,18.3,2.3,92.48,0,55,213.54,136.54
12-26-15,18.4,2.3,172.13,0,55,265.90,171.19
12-27-15,18.8,2,160.09,0,59,286.72,184.91
12-28-15,18.7,2,147.94,0,64,329.62,199.57
12-29-15,19.1,0,129.03,0,69,369.68,229.33
12-30-15,19.2,0,112.60,0,74,403.80,263.32
12-31-15,19.7,0,131.29,0,73,360.04,215.59
01-01-16,19.8,2,136.29,0,73,432.22,249.36
01-02-16,20.1,5,155.04,0,70,294.56,178.90
01-03-16,19.7,2,126.90,0,70,322.23,187.42
01-04-16,20.8,2,128.63,0,64,321.07,201.90
01-05-16,20.3,2,125.77,0,63,299.92,188.66
01-06-16,20.1,2,133.75,0,64,298.33,201.60
01-07-16,19.9,2,71.68,0,68,286.16,198.25
01-08-16,20.4,2,157.46,0,71,308.43,204.20
01-09-16,20.5,2,149.08,0,85,329.14,217.48
01-10-16,19.3,2,159.01,0,78,297.90,189.74
01-11-16,19.1,2,8.96,0,56,297.78,179.55
01-12-16,18.6,5,136.78,0,64,413.85,231.43
01-13-16,18.5,2,119.26,0,71,392.02,224.51
01-14-16,19,0,110.76,0,70,365.53,244.29
01-15-16,19.1,2,120.65,0,70,525.20,349.15
01-16-16,19.7,2,118.89,0,66,321.35,218.02
01-17-16,19.5,2,149.10,0,59,326.73,220.89
01-18-16,19.8,2,135.18,0,61,335.22,195.61
01-19-16,20,2,100.71,0,70,335.24,165.81
01-20-16,18.3,2.3,76.85,0,78,246.33,174.78
01-21-16,18.2,2.7,105.13,3,78,152.21,187.11
01-22-16,16.2,5.8,122.81,0,78,192.99,203.44
01-23-16,16.1,5,125.74,0,74,181.38,191.07
01-24-16,16.1,2,182.84,0,68,232.35,205.74
01-25-16,16.1,2,200.17,0,62,232.40,181.84
01-26-16,15.6,2,176.31,0,65,335.05,178.80
01-27-16,18.4,0,154.47,0,58,431.68,195.06
01-28-16,19.2,2,126.47,0,64,328.62,173.22
01-29-16,19.2,2,133.99,0,66,262.96,103.76
01-30-16,18.9,3,128.44,0,69,505.87,137.57
01-31-16,20.8,2,114.07,0,82,441.79,165.64
02-01-16,21.3,2,150.67,0,76,331.07,165.20
02-02-16,21.4,3,150.75,0,74,372.15,154.89
02-03-16,22.1,2.5,137.46,0,60,296.98,170.16
02-04-16,21.1,2.3,157.44,0,49,236.83,177.81
02-05-16,19.9,5,180.52,0,54,242.44,154.42
02-06-16,19.9,2,144.55,0,56,365.00,143.70
02-07-16,21.2,0,122.87,0,60,429.03,129.51
02-08-16,22.4,2,119.57,0,62,392.60,161.76
02-09-16,23.4,2,117.50,1,71,210.47,194.21
02-10-16,22,2,118.53,0,72,279.33,232.79
02-11-16,23.1,2,131.70,0,74,268.64,182.45
02-12-16,23.9,2,129.86,4,77,158.23,145.13
02-13-16,22.8,2,176.36,0,62,258.21,183.79
02-14-16,23.7,0,117.10,0,66,308.74,205.82
02-15-16,24.9,2,146.77,0,71,358.00,158.15
02-16-16,24.9,2,138.93,0,64,371.64,159.67
02-17-16,24.7,2,154.11,0,60,448.49,190.20
02-18-16,26.2,2.3,173.85,0,53,386.97,194.67
02-19-16,27.3,3,191.54,0,59,250.09,174.13
02-20-16,28,2.3,186.44,0,64,142.79,149.89
02-21-16,28,2,169.49,0,66,211.35,112.09
02-22-16,25.9,3,171.99,0,50,339.95,87.40
02-23-16,26.2,2.3,165.89,0,63,282.98,113.15
02-24-16,23.5,4.3,92.53,0,78,141.37,105.89
02-25-16,24.9,2,224.69,8,66,113.34,102.63
02-26-16,26.2,2,211.63,0,57,162.28,137.90
02-27-16,25.9,2,187.43,0,60,235.15,109.02
02-28-16,25.9,0,160.18,0,60,280.11,125.20
02-29-16,26.2,2,189.36,0,56,310.73,155.18
01-03-16,25.6,2,149.13,0,60,475.84,246.62
02-03-16,25.8,2,190.66,0,59,353.67,198.30
03-03-16,27.4,3,198.90,0,57,382.08,168.56
04-03-16,27.3,2,215.88,0,63,531.22,111.56
05-03-16,27.3,2,186.02,0,68,247.24,119.60
06-03-16,26.3,2,201.34,0,65,275.72,110.30
07-03-16,26.1,5,249.47,17,62,204.08,108.09
08-03-16,27.3,2,194.45,0,53,236.12,124.71
09-03-16,28.8,2,242.13,0,58,192.26,101.59
10-03-16,29,2,216.84,0,60,203.93,110.45
11-03-16,28.9,2.8,208.86,0,60,239.12,118.96
12-03-16,29,2.5,208.96,0,55,251.25,125.61
13-03-16,26.9,4,189.60,0,55,256.09,98.51
14-03-16,26.2,2,197.01,0,50,262.81,146.12
15-03-16,27.8,0,247.46,0,50,224.70,130.94
16-03-16,27.4,3,214.21,0,55,287.22,144.21
17-03-16,26.7,2,264.71,2,41,201.91,100.10
18-03-16,27.8,2,254.52,0,48,167.69,103.25
19-03-16,26.2,2,73.22,19,71,108.07,57.37
20-03-16,27.2,2.5,126.96,0,76,163.98,78.44
21-03-16,28.8,4,202.32,0,66,208.34,59.49
22-03-16,29.4,2.8,272.65,0,55,218.92,75.93
23-03-16,28.5,3,106.41,0,40,197.18,96.08
24-03-16,27.7,3,258.44,0,49,178.10,129.12
25-03-16,28.4,5,249.95,0,50,140.80,143.10
26-03-16,29.7,3,219.67,0,52,129.65,169.10
27-03-16,28.9,2,222.08,0,67,108.21,69.87
28-03-16,24.5,2,86.81,0,80,91.76,48.24
29-03-16,25.9,3,185.73,1,71,87.96,70.29
30-03-16,27,2,255.35,13,71,98.00,65.63
31-03-16,23.5,2,99.93,3,80,83.77,69.17
01-04-16,22.3,2,146.33,28,78,74.41,51.09
02-04-16,25,0,99.43,0,84,80.66,58.45
03-04-16,27.4,2,137.93,2,84,76.70,53.97
04-04-16,28.9,5,161.31,9,82,79.67,45.54
05-04-16,28.6,3,88.20,16,83,84.04,50.19
06-04-16,30.2,3.8,242.94,0,78,91.01,57.05
07-04-16,30.2,2.8,274.28,0,76,146.88,53.04
08-04-16,30.6,3,267.35,0,74,99.37,48.12
09-04-16,30.4,2,232.70,0,75,87.42,41.21
10-04-16,30.9,3,271.62,0,71,93.81,36.46
11-04-16,31,2.5,284.65,0,76,98.81,44.19
12-04-16,31.5,2.5,261.31,0,70,126.24,53.80
13-04-16,31.3,2.8,284.49,0,66,139.81,51.09
14-04-16,31.1,2.2,361.61,0,68,109.03,41.07
15-04-16,30.9,2.5,228.75,0,72,94.02,39.20
16-04-16,30.9,2.3,206.49,0,71,102.90,34.41
17-04-16,30.9,3.3,231.30,0,75,78.06,29.39
18-04-16,30.4,3,160.74,0,71,142.49,83.52
19-04-16,31.3,3.4,269.15,0,69,88.23,31.67
20-04-16,30.8,4.7,251.79,0,68,104.23,40.46
21-04-16,30.9,4.4,243.79,0,70,115.24,37.20
22-04-16,31.4,3.8,247.32,0,69,108.91,35.87
23-04-16,31.7,4,247.04,0,68,111.24,39.06
24-04-16,32.5,2.3,331.26,0,64,120.26,45.88
25-04-16,31.9,2.8,256.02,0,68,108.34,45.93
26-04-16,31.8,2.7,256.12,0,66,98.71,34.06
27-04-16,31.4,2.5,288.30,0,71,82.51,32.26
28-04-16,31.6,2.6,256.21,0,69,94.44,38.15
29-04-16,32.1,2.3,272.81,0,69,87.08,43.84
30-04-16,32.1,2.4,290.80,0,67,100.49,29.09
01-05-16,29.5,3,284.39,0,68,103.12,40.18
02-05-16,26.4,4.3,208.12,10,69,84.85,43.69
03-05-16,28.7,2.3,65.78,0,71,140.39,62.22
04-05-16,28.5,4.7,223.30,0,64,93.23,42.92
05-05-16,28.7,2,206.49,0,67,138.73,73.49
06-05-16,28.3,3,216.46,0,66,114.16,52.44
07-05-16,26.3,5,149.13,0,78,98.03,61.79
08-05-16,28.8,3,168.72,11,66,96.61,52.74
09-05-16,29.2,0,261.44,0,72,107.03,57.94
10-05-16,30.7,2,192.11,2,65,157.33,87.14
11-05-16,31.2,2,264.00,0,63,160.87,78.40
12-05-16,28.4,4,234.45,0,72,149.26,75.78
13-05-16,25.2,2.3,152.39,17,83,67.94,43.31
14-05-16,28.8,3.5,273.95,29,78,74.10,46.59
15-05-16,30.5,2.5,234.91,2,74,68.73,27.11
16-05-16,31.3,3.7,262.76,0,71,59.44,20.43
17-05-16,31.2,4.3,243.48,0,71,69.59,23.76
18-05-16,28.7,2,284.62,0,77,61.19,30.29
19-05-16,27.3,5.5,7.32,22,80,42.73,14.89
20-05-16,25.8,2,120.38,1,89,34.04,18.35
21-05-16,24.7,8,250.15,21,90,90.15,44.35
22-05-16,29,0,254.67,52,78,98.78,45.45
23-05-16,30.6,2.5,217.70,0,73,78.05,38.23
24-05-16,27.8,0,19.27,0,83,77.02,34.47
25-05-16,27,2.5,274.45,5,81,85.63,43.64
26-05-16,28.6,3.5,393.40,19,75,93.86,50.66
27-05-16,28.7,2,184.60,3,75,103.49,57.41
28-05-16,26.6,2,183.74,4,85,86.13,50.92
29-05-16,28.5,0,9.51,14,78,165.13,98.64
30-05-16,30.1,3,275.56,0,68,124.68,62.46
31-05-16,28.6,2,254.66,0,79,105.93,50.38
01-06-16,29.5,2,173.42,3,75,115.19,58.73
02-06-16,31.3,2,264.62,0,65,144.65,59.00
03-06-16,31.5,3,227.23,0,68,88.24,36.50
04-06-16,31.5,3,221.20,0,69,94.92,43.21
05-06-16,30.1,2,176.47,0,73,82.40,37.31
06-06-16,29.3,2.5,108.99,0,81,71.17,37.93
07-06-16,27.3,2,166.08,46,87,51.78,27.60
08-06-16,29.7,2.5,224.98,20,76,64.57,31.64
09-06-16,28.5,2,174.93,0,82,44.39,24.38
10-06-16,30.9,2.5,177.23,27,71,82.88,38.18
11-06-16,27.2,0,92.30,0,84,93.34,49.72
12-06-16,26.5,2,106.23,75,86,57.92,32.80
13-06-16,27.7,2,176.83,12,81,60.14,32.47
14-06-16,28.6,2,149.08,0,84,82.88,44.36
15-06-16,29.6,0,133.40,3,81,82.56,42.89
16-06-16,30.5,3,227.51,12,74,87.15,38.16
17-06-16,29.9,2,210.82,0,76,64.32,26.34
18-06-16,29.3,3.3,222.08,4,77,60.47,27.74
19-06-16,30.2,3.5,275.39,2,75,92.83,19.35
20-06-16,30.7,2,301.00,0,71,56.75,17.51
21-06-16,30.1,2,214.53,0,76,57.38,16.86
22-06-16,29.9,2,189.08,2,77,53.17,19.50
23-06-16,30,2,140.88,1,79,50.18,19.70
24-06-16,30.9,3,220.45,0,72,50.23,20.38
25-06-16,31.5,2,268.99,0,69,62.92,26.60
26-06-16,31,2,211.52,3,74,62.39,32.25
27-06-16,31.2,2,238.64,2,69,48.25,21.91
28-06-16,31.4,2.5,176.10,0,69,55.10,23.62
29-06-16,31.3,2,203.47,0,72,64.75,28.31
30-06-16,30.9,2,195.73,0,74,47.19,17.07
01-07-16,30,2.5,163.49,2,78,50.64,23.68
02-07-16,29,2.3,160.74,5,85,41.94,17.41
03-07-16,28.1,3,123.70,36,90,28.53,13.08
04-07-16,28,2,156.14,58,88,25.43,10.65
05-07-16,27,2,8.93,14,92,17.31,4.94
06-07-16,27.3,0,66.55,51,91,27.53,14.69
07-07-16,30.2,2.5,227.67,30,79,30.86,14.61
08-07-16,30.5,3,241.81,0,74,21.30,7.71
09-07-16,29.8,2.8,220.90,0,78,23.04,12.36
10-07-16,29.4,2.6,175.08,0,78,28.33,14.04
11-07-16,30,2.2,219.21,1,75,32.15,15.49
12-07-16,29.9,3.3,218.43,10,77,24.29,10.66
13-07-16,29.6,2,188.78,0,84,26.63,17.21
14-07-16,30.3,2,277.31,21,77,39.63,18.74
15-07-16,29,2,157.03,0,83,37.16,24.10
16-07-16,27,2.5,62.85,22,91,25.00,14.29
17-07-16,28.4,2.8,207.40,9,84,34.05,18.35
18-07-16,28,2,100.85,13,89,39.63,26.90
19-07-16,28.1,2,96.87,8,88,44.03,32.09
20-07-16,29.2,2.3,149.54,1,85,46.47,27.43
21-07-16,28.9,2,119.34,1,83,35.98,13.50
22-07-16,27.5,2,139.03,3,87,24.28,338.00
23-07-16,27.8,2.5,149.21,35,86,20.71,17.39
24-07-16,28.7,2.3,247.87,11,81,26.33,66.83
25-07-16,27.9,2.5,178.15,3,82,26.21,20.96
26-07-16,27.8,3,179.20,16,80,36.11,24.00
27-07-16,29.6,2.5,229.17,1,76,70.55,23.14
28-07-16,29.7,2,210.20,0,78,89.54,75.34
29-07-16,29,0,96.10,0,85,157.70,44.01
30-07-16,28.9,2,133.05,0,83,108.50,37.95
31-07-16,29.7,0,273.75,54,76,52.32,30.39
01-08-16,29.5,2.7,223.18,1,79,51.39,21.03
02-08-16,29.7,3,233.97,10,76,45.81,10.68
03-08-16,30.7,2.3,211.05,4,70,45.48,11.32
04-08-16,31.1,3,247.43,0,68,50.24,12.85
05-08-16,29.8,3.3,170.61,0,74,56.06,13.26
06-08-16,29,2.5,183.13,1,77,53.53,20.43
07-08-16,29.2,2.7,153.72,0,79,54.45,18.23
08-08-16,29.5,2,202.91,0,77,51.93,14.55
09-08-16,27.9,2.4,147.44,1,81,58.16,19.95
10-08-16,26.9,4,76.41,5,90,26.91,15.01
11-08-16,28.6,2,192.74,21,84,59.47,24.98
12-08-16,30.3,2,230.19,3,77,64.85,27.85
13-08-16,29.6,0,185.63,0,82,74.66,35.25
14-08-16,29.8,0,147.20,11,83,78.77,38.59
15-08-16,30.6,2,207.72,2,76,76.69,40.25
16-08-16,29.5,2.3,247.51,1,79,38.17,20.82
17-08-16,29.2,3.5,139.86,26,75,37.94,16.37
18-08-16,29.8,2,159.12,0,77,69.47,29.37
19-08-16,30.7,2.5,315.28,12,73,89.40,38.24
20-08-16,30.6,2.5,168.11,0,78,98.45,42.34
21-08-16,26.8,4.3,46.50,2,87,82.31,49.11
22-08-16,28.6,2.5,250.90,17,73,71.20,32.30
23-08-16,29.4,0,211.58,0,76,106.77,44.06
24-08-16,31.1,2,202.77,0,74,185.51,72.38
25-08-16,31,0,193.56,0,76,133.73,66.09
26-08-16,29.7,1,142.82,33,81,65.92,37.94
27-08-16,30.8,2,205.84,0,75,92.18,44.49
28-08-16,28.3,2,146.69,11,86,75.86,34.51
29-08-16,30.1,0,184.74,10,77,72.01,31.88
30-08-16,31.2,2,261.99,0,73,55.90,20.95
31-08-16,30,2,189.78,0,77,53.94,19.37
01-09-16,29.1,2,165.29,0,83,51.08,17.90
02-09-16,29.7,2,151.88,2,83,58.37,28.67
03-09-16,29.1,0,153.88,1,83,76.24,34.57
04-09-16,29.3,2,155.42,5,81,58.66,30.28
05-09-16,28.3,3,156.88,11,85,53.20,27.58
06-09-16,28.8,2.3,128.75,4,84,56.40,29.93
07-09-16,29.2,2,163.47,5,80,75.86,36.54
08-09-16,29.8,3,264.38,0,77,89.96,38.14
09-09-16,30.4,2.3,283.23,0,72,66.00,28.17
10-09-16,30.2,2,259.21,0,75,88.21,28.00
11-09-16,28.9,2,146.15,0,81,65.51,34.87
12-09-16,28.4,0,112.30,3,87,57.90,29.82
13-09-16,26.7,0,49.65,26,94,36.13,31.51
14-09-16,28.6,2.3,190.09,12,83,41.09,32.10
15-09-16,30,2,224.40,0,77,46.63,24.74
16-09-16,30.2,0,209.49,0,76,35.84,17.47
17-09-16,29.6,2,156.85,0,79,42.19,21.90
18-09-16,29.6,2,175.83,12,80,43.07,25.00
19-09-16,27.9,0,75.49,0,89,47.11,30.54
20-09-16,27.7,2,100.88,2,88,52.65,45.55
21-09-16,28.3,0,125.37,0,90,65.01,32.00
22-09-16,28.1,2,144.26,4,85,69.36,75.97
23-09-16,29.4,2,256.08,0,76,62.65,34.37
24-09-16,27.8,2,134.65,0,88,39.16,18.74
25-09-16,29.7,2,224.92,27,77,48.32,21.27
26-09-16,27.7,2,171.85,1,88,80.44,53.11
27-09-16,30.1,0,190.66,20,79,122.92,71.75
28-09-16,28.3,0,84.59,0,88,102.54,60.49
29-09-16,29.7,2,150.69,1,80,71.98,42.83
30-09-16,30.2,2,230.74,2,76,93.93,57.32
01-10-16,29.2,2,127.89,0,81,148.20,64.08
02-10-16,29.2,2,104.93,0,83,105.75,31.00
03-10-16,30.1,2,157.51,0,78,129.23,43.82
04-10-16,31.1,2,218.07,0,73,162.29,51.31
05-10-16,28.9,0,135.49,0,78,75.30,44.52
06-10-16,27.6,2,75.48,0,90,101.98,60.22
07-10-16,28.3,2,162.79,5,85,108.49,57.35
08-10-16,28.9,2,92.72,0,82,76.61,41.17
09-10-16,28.8,2,165.66,0,81,56.95,23.95
10-10-16,28.9,2,125.56,0,78,54.72,22.00
11-10-16,26.7,2.3,100.55,0,83,43.77,18.97
12-10-16,27.2,2,151.02,1,84,52.44,25.33
13-10-16,27.8,2,233.25,3,81,87.82,50.08
14-10-16,28.6,2.3,252.66,3,69,106.98,56.11
15-10-16,29.1,2,233.75,0,65,87.47,46.19
16-10-16,29.7,4,266.47,0,61,78.41,44.43
17-10-16,30.2,2,255.34,0,69,79.65,54.33
18-10-16,29.5,0,186.36,0,73,192.06,62.87
19-10-16,30.4,2,235.05,0,69,109.00,52.74
20-10-16,29.9,2,270.78,0,61,96.18,52.14
21-10-16,29.4,2,261.82,0,61,91.73,72.39
22-10-16,28.5,2,224.60,0,63,121.48,76.56
23-10-16,28.4,5,239.55,0,57,99.27,31.00
24-10-16,28.1,2,225.44,0,64,105.47,36.88
25-10-16,28.8,2,301.40,0,66,209.95,39.00
26-10-16,28.9,2,26.02,0,65,187.95,91.02
27-10-16,25.8,2,94.05,0,87,74.12,44.54
28-10-16,26.6,2,111.84,46,86,62.98,42.71
29-10-16,26.9,2,193.79,7,82,61.70,37.83
30-10-16,27.5,0,173.67,10,81,91.84,48.39
31-10-16,28.2,2,146.45,1,82,138.76,75.24
01-11-16,29.1,2,191.51,0,74,159.42,100.52
02-11-16,29.5,2,205.57,0,70,112.46,79.59
03-11-16,29.1,0,178.40,0,70,106.46,46.43
04-11-16,25.1,0,59.73,1,88,95.79,53.53
05-11-16,22.5,2.5,37.85,3,93,36.91,28.19
06-11-16,22.8,3,71.68,21,87,26.12,15.04
07-11-16,23.7,2,105.73,0,83,81.99,39.86
08-11-16,24.5,0,203.86,0,79,158.52,71.15
09-11-16,24.8,0,203.92,0,75,127.45,72.28
10-11-16,24.5,2,169.25,0,73,240.29,114.87
11-11-16,24.1,0,139.98,0,73,298.26,165.99
12-11-16,24.2,2,160.07,0,74,232.99,143.42
13-11-16,24.9,0,203.58,0,74,332.26,191.36
14-11-16,24.6,2,191.31,0,63,191.59,110.19
15-11-16,24.6,3,183.20,0,61,138.95,84.27
16-11-16,24.9,2,196.07,0,63,197.43,122.78
17-11-16,24.1,2,207.95,0,59,207.50,130.86
18-11-16,23.3,2,199.95,0,68,205.18,105.20
19-11-16,23,2,193.30,0,69,225.46,123.02
20-11-16,23,0,153.59,0,73,236.43,140.34
21-11-16,23,0,168.79,0,69,211.82,115.39
22-11-16,22.6,2,178.72,0,70,261.06,158.70
23-11-16,22.8,2,154.58,0,73,282.83,146.74
24-11-16,23,2,158.46,0,72,186.02,109.93
25-11-16,22.8,2,160.44,0,71,272.93,158.88
26-11-16,22.6,2,131.84,0,74,231.48,134.24
27-11-16,22.4,0,129.83,0,72,617.85,170.13
28-11-16,23.1,0,124.40,0,72,168.32,145.47
29-11-16,23.1,2,116.82,0,74,266.18,160.33
30-11-16,22.9,2,153.91,0,74,106.74,69.60
01-12-16,23.3,2,142.28,0,76,191.42,140.95
02-12-16,23.5,2,158.31,0,75,194.64,105.57
03-12-16,23.8,2,159.24,0,67,273.35,149.74
04-12-16,24.1,2,160.25,0,66,162.76,85.89
05-12-16,22.8,2,147.66,0,76,208.89,133.40
06-12-16,22.8,2,150.92,0,71,178.26,117.50
07-12-16,22.1,2,167.01,0,70,253.19,163.11
08-12-16,22,2,169.48,0,65,264.67,137.77
09-12-16,21.8,2,156.91,0,71,204.63,135.39
10-12-16,21.3,2,166.88,0,70,214.33,137.97
11-12-16,21.7,2,160.49,0,65,202.33,135.59
12-12-16,21.5,2,178.38,0,62,210.88,154.20
13-12-16,20.3,2,152.16,0,69,317.88,190.68
14-12-16,19.8,2,138.04,0,74,278.31,164.11
15-12-16,20.3,2,136.61,0,73,275.55,170.34
16-12-16,20.1,0,122.25,0,73,341.40,213.81
17-12-16,21,2,123.35,0,72,316.96,190.63
18-12-16,21.5,2,106.76,0,71,207.66,190.83
19-12-16,21.3,2,85.50,0,75,304.04,194.62
20-12-16,21.3,2,123.88,0,66,357.78,199.14
21-12-16,20.9,2,120.53,0,63,254.75,181.79
22-12-16,21.4,0,103.75,0,75,342.16,240.92
23-12-16,21.8,2,118.42,0,76,410.96,227.97
24-12-16,21.8,0,98.19,0,76,447.03,269.10
25-12-16,22.3,0,101.30,0,78,351.80,227.69
26-12-16,22.6,2,99.36,0,78,434.15,252.60
27-12-16,21.5,2,129.08,0,72,222.12,155.48
28-12-16,20.1,2,109.03,0,81,201.56,145.76
29-12-16,20.7,2,110.66,0,80,200.28,148.19
30-12-16,20,0,128.52,0,75,293.31,177.28
31-12-16,19.7,0,105.10,0,80,386.77,218.95
01-01-17,20.6,0,109.52,0,78,428.16,277.48
02-01-17,21,2,113.70,0,72,348.52,222.59
03-01-17,21.6,2,120.59,0,67,334.79,202.76
04-01-17,20.7,2.5,141.03,0,66,189.67,124.03
05-01-17,18.7,2.3,104.23,0,83,253.36,189.05
06-01-17,18,2,134.98,0,81,244.40,184.89
07-01-17,18.9,2,140.87,0,73,211.68,141.05
08-01-17,19.7,2,146.48,0,66,263.75,167.31
09-01-17,20.2,2,144.32,0,63,295.26,183.79
10-01-17,19.8,3,119.13,0,59,353.86,195.21
11-01-17,19.4,2,124.91,0,67,238.88,163.28
12-01-17,19.3,2.7,146.45,0,47,222.14,129.98
13-01-17,17.4,2.5,150.80,0,41,191.64,113.63
14-01-17,17.2,2,156.15,0,43,208.41,125.68
15-01-17,18.6,2,145.60,0,56,285.81,182.06
16-01-17,18.2,2,138.13,0,58,256.99,176.96
17-01-17,18.1,1.5,135.17,0,65,499.77,282.61
18-01-17,19.8,2,133.17,0,62,402.27,254.48
19-01-17,21.5,2,150.84,0,55,255.21,169.09
20-01-17,20.3,2,89.50,0,51,252.61,161.88
21-01-17,20.6,3,150.90,0,57,291.04,170.99
22-01-17,21.3,2,138.87,0,60,264.85,176.43
23-01-17,20.6,3,120.96,0,61,302.79,187.27
24-01-17,21.6,2,129.06,0,62,333.13,194.78
25-01-17,21.3,0,148.14,0,67,353.50,210.93
26-01-17,22.6,2,140.11,0,61,381.59,225.86
27-01-17,21.6,0,73.74,0,71,485.79,249.48
28-01-17,22.2,2,96.55,0,67,287.67,190.32
29-01-17,20.8,2,153.47,0,58,180.00,91.65
30-01-17,20.4,2,140.96,0,64,289.72,153.40
31-01-17,20,2,133.49,0,67,391.00,200.90
01-02-17,21.2,1.5,125.80,0,62,290.38,179.52
02-02-17,20.4,2,146.50,0,61,233.43,156.81
03-02-17,20,3,129.05,0,73,285.80,196.01
04-02-17,21.6,1,138.91,0,69,288.00,183.27
05-02-17,23.8,2,138.59,0,55,331.94,109.81
06-02-17,23.6,0,118.53,0,59,474.92,146.35
07-02-17,23.8,1.3,129.28,0,55,256.99,106.09
08-02-17,22.6,2,149.84,0,46,265.26,123.49
09-02-17,20.9,1.5,150.86,0,58,386.47,175.50
10-02-17,21.7,2,126.73,0,60,461.57,247.04
11-02-17,22.5,2,113.06,0,65,261.31,187.57
12-02-17,23.8,0,124.13,0,49,183.65,126.73
13-02-17,23.5,2,119.62,0,55,190.85,169.03
14-02-17,23.6,0,104.02,0,60,317.05,209.55
15-02-17,24,1.7,132.29,0,51,191.23,178.87
16-02-17,23.8,2,139.02,0,48,295.97,167.70
17-02-17,23.8,2,121.31,0,54,301.44,165.72
18-02-17,24.5,2,120.23,0,57,409.90,218.03
19-02-17,24.5,1,87.30,0,60,479.70,246.99
20-02-17,24.8,2,67.49,0,80,245.47,149.40
21-02-17,26.5,2.5,121.39,0,73,186.33,81.38
22-02-17,26.3,2,90.37,0,74,131.55,65.59
23-02-17,24.4,2,172.21,2,58,230.88,107.87
24-02-17,23.3,2,240.67,0,36,347.54,126.82
25-02-17,22.3,2,226.80,0,44,318.63,131.80
26-02-17,22.9,2,229.03,0,47,356.85,190.75
27-02-17,24,2.5,229.56,0,45,359.10,155.04
28-02-17,23.8,2,211.39,0,48,305.65,200.19
01-03-17,24.5,2,204.49,0,52,347.97,182.70
02-03-17,26.5,2,220.35,0,54,363.03,170.93
03-03-17,26.7,2,201.00,0,65,194.45,91.43
04-03-17,25.5,2,123.55,0,68,169.20,82.74
05-03-17,25.5,2,152.27,1,74,124.92,57.50
06-03-17,24.6,0,211.03,7,76,113.02,66.18
07-03-17,25.4,2,202.43,0,68,187.44,95.09
08-03-17,24.1,2,120.87,0,67,180.32,103.96
09-03-17,23.6,2,168.36,0,73,128.13,74.33
10-03-17,25.1,2.3,163.32,0,80,127.50,73.33
11-03-17,22.7,1,88.84,38,89,134.56,54.70
12-03-17,24.1,3,215.11,9,66,166.06,89.71
13-03-17,23.7,2,279.31,0,42,143.00,71.61
14-03-17,22.9,2,273.83,0,48,149.86,77.29
15-03-17,23.4,2,281.17,0,45,208.43,117.38
16-03-17,23.2,2,286.34,0,46,259.12,133.95
17-03-17,26,2,249.65,0,54,363.53,190.58
18-03-17,23.3,2.5,176.24,0,74,117.31,74.94
19-03-17,25.3,5,214.41,8,63,144.89,93.38
20-03-17,20,3,137.03,1,78,71.08,49.20
21-03-17,23.1,1,235.98,9,68,146.56,93.67
22-03-17,25.5,2,221.61,0,62,161.49,97.51
23-03-17,26.9,2,232.25,0,68,173.35,104.91
24-03-17,28.3,2.2,168.61,0,66,151.93,85.51
25-03-17,24.2,1.5,168.04,0,75,92.94,48.67
26-03-17,26.7,0,189.89,13,72,123.74,70.09
27-03-17,28.1,2,166.63,0,77,123.27,67.15
28-03-17,27.4,1.8,106.07,0,79,92.28,49.68
29-03-17,26.7,3,63.59,0,84,72.61,40.88
30-03-17,29.1,3,236.67,14,74,71.76,30.80
31-03-17,29.2,3.8,219.33,0,75,109.98,67.64
01-04-17,29.5,3.4,249.56,0,70,76.42,33.91
02-04-17,28.9,6,71.03,0,73,67.00,32.14
03-04-17,28.4,3.3,204.29,0,69,63.61,26.71
04-04-17,26.7,2.7,178.51,7,76,77.75,42.83
05-04-17,24.2,3,134.97,0,86,71.88,40.00
06-04-17,26.5,2,158.27,37,82,102.33,66.78
07-04-17,29.8,2.7,240.37,0,74,100.13,46.16
08-04-17,29.8,2.7,206.42,0,76,94.17,48.53
09-04-17,29.6,0,211.61,0,76,106.35,60.73
10-04-17,30.4,2.3,269.73,0,63,126.09,63.80
11-04-17,30.5,2,280.90,0,62,148.40,74.67
12-04-17,29.7,2,253.16,0,67,143.11,71.25
13-04-17,30.6,0,273.28,0,52,239.06,116.22
14-04-17,30.6,2,267.09,0,51,200.05,97.32
15-04-17,28.2,2.3,248.74,0,65,110.64,56.55
16-04-17,26.5,3,220.28,0,60,63.76,37.04
17-04-17,29.1,5,241.41,0,58,137.37,77.20
18-04-17,29.9,2.7,243.87,0,68,112.11,55.23
19-04-17,26.6,5,235.95,0,81,82.61,37.86
20-04-17,26.2,2,190.17,55,76,73.69,45.89
21-04-17,25.3,4.7,141.88,1,83,74.82,56.43
22-04-17,22.1,2,49.53,2,91,59.94,43.01
23-04-17,24.4,2,103.16,55,88,75.91,52.74
24-04-17,23.1,4,68.94,18,86,58.73,39.25
25-04-17,28.4,4,205.77,23,80,101.40,50.23
26-04-17,29.8,4,229.06,18,80,101.06,51.84
27-04-17,29.7,2.7,206.85,0,74,124.85,54.70
28-04-17,30.1,2,252.50,0,77,118.07,64.79
29-04-17,27.7,2.4,105.44,0,73,80.69,41.51
30-04-17,28.4,2.8,269.18,12,72,93.79,48.47
01-05-17,26.8,2.3,324.74,2,76,86.20,38.57
02-05-17,27.7,0,285.43,62,72,94.14,45.54
03-05-17,30.3,2,263.49,0,73,104.80,54.46
04-05-17,29.7,2.5,260.61,0,69,104.38,50.69
05-05-17,30.6,3.3,244.65,0,71,92.68,43.97
06-05-17,30.1,3.7,212.36,0,72,77.32,41.14
07-05-17,30.3,2.5,259.85,1,70,73.56,36.52
08-05-17,31,2.3,229.66,0,69,67.39,33.66
09-05-17,26.4,2,101.09,0,78,82.23,49.24
10-05-17,29,2,166.47,0,76,132.91,86.66
11-05-17,31.2,2,268.43,0,66,70.46,40.07
12-05-17,30.5,2,172.56,0,70,92.65,60.70
13-05-17,30.5,1.7,181.27,0,67,97.16,59.14
14-05-17,29.9,2,164.68,0,72,81.46,44.54
15-05-17,27.2,2,185.22,0,77,73.26,38.15
16-05-17,26.7,2,272.58,90,82,85.57,56.25
17-05-17,28.2,0,184.08,5,79,79.42,50.04
18-05-17,30.3,2,298.22,16,69,69.91,36.06
19-05-17,31,2,194.51,0,74,77.07,41.36
20-05-17,32,2.5,225.02,0,72,91.46,48.78
21-05-17,31.6,2.5,244.64,0,71,93.51,48.67
22-05-17,32.2,2.6,252.11,0,72,84.13,45.13
23-05-17,32.8,3,245.49,0,69,87.69,48.10
24-05-17,32.4,2.1,230.10,0,69,92.37,48.69
25-05-17,32.6,2,245.29,0,68,80.41,38.46
26-05-17,29.2,2,195.29,0,77,78.62,37.15
27-05-17,30.3,0,166.98,2,74,109.74,64.19
28-05-17,30,2,165.03,0,73,134.11,81.11
29-05-17,30,2,180.29,4,77,97.36,71.08
30-05-17,27.4,2.5,81.31,3,83,36.82,25.21
31-05-17,28.8,0,294.15,3,83,77.45,50.56
01-06-17,26.4,2.3,78.72,17,91,46.86,31.39
02-06-17,28,3,199.00,8,82,41.84,21.81
03-06-17,31.3,2.3,221.37,21,77,71.25,36.93
04-06-17,30.1,3,166.42,0,77,65.30,29.84
05-06-17,27.2,3,96.66,0,79,61.20,37.27
06-06-17,30.8,2,249.49,5,74,84.89,49.47
07-06-17,31.6,2,171.61,0,76,122.28,59.68
08-06-17,30.3,2,170.46,1,76,92.91,52.83
09-06-17,30,3,128.51,0,76,83.25,46.99
10-06-17,30.9,0,229.79,0,71,70.66,36.80
11-06-17,28.5,3.2,181.92,1,83,27.64,15.60
12-06-17,25.7,5.5,34.22,30,97,14.05,10.38
13-06-17,29.4,0,172.27,139,85,61.90,34.69
14-06-17,28.8,2,177.56,0,88,52.85,23.99
15-06-17,29.2,2.5,199.47,37,80,46.38,21.59
16-06-17,27.2,2,97.51,17,90,30.11,19.88
17-06-17,28.5,2,136.96,18,87,63.94,37.36
18-06-17,29.6,2,199.74,44,85,67.25,34.66
19-06-17,25.7,2,24.82,20,91,56.75,35.24
20-06-17,28.4,3,194.23,46,78,73.87,39.35
21-06-17,29,2.5,164.83,0,81,78.92,35.43
22-06-17,29.6,2,164.40,0,81,70.72,30.26
23-06-17,30.1,0,155.15,0,74,67.29,32.59
24-06-17,30.5,2.5,231.10,0,72,48.41,19.60
25-06-17,29.9,3,192.16,0,73,32.70,15.14
26-06-17,30.3,2,200.94,1,73,26.25,11.26
27-06-17,30.2,2,195.04,0,74,31.19,13.62
28-06-17,29.9,1.5,194.63,0,76,34.71,15.94
29-06-17,30,2,160.39,0,79,38.23,19.23
30-06-17,29.9,2,188.53,9,80,33.18,18.47
01-07-17,29,2,148.23,1,84,30.12,14.74
02-07-17,28.4,1.8,118.52,5,89,35.80,19.97
03-07-17,28.1,2.5,93.76,53,90,40.92,29.02
04-07-17,27.7,2,85.50,25,91,58.07,38.30
05-07-17,27.7,0,104.21,28,90,43.45,33.24
06-07-17,29.6,2,166.87,27,80,59.35,31.56
07-07-17,29.4,1.7,115.31,7,81,43.41,20.74
08-07-17,29.3,1.6,220.32,9,81,64.30,23.71
09-07-17,29.8,1.8,191.16,1,78,52.83,18.38
10-07-17,28.8,2.3,116.21,0,85,52.85,25.44
11-07-17,26.7,2,63.22,8,93,61.66,41.48
12-07-17,28.1,2,150.95,103,87,62.65,40.08
13-07-17,28.6,2,160.76,24,83,52.19,24.75
14-07-17,29.6,2,216.30,0,77,63.52,27.02
15-07-17,30.8,2.3,204.98,0,69,58.05,22.54
16-07-17,31.8,2,223.67,0,69,81.35,34.86
17-07-17,30.6,2,278.47,1,79,105.89,33.99
18-07-17,30.6,1.5,176.18,6,74,64.05,22.05
19-07-17,27.2,2,77.33,5,91,44.61,25.34
20-07-17,27,2,71.97,64,91,30.05,20.58
21-07-17,27.8,1,121.06,17,88,51.88,29.50
22-07-17,28.9,0,194.69,2,81,46.41,20.83
23-07-17,27.6,1.5,146.68,3,88,54.10,29.28
24-07-17,26.6,3,61.31,24,91,21.00,15.20
25-07-17,26.3,2,72.00,49,92,24.91,18.21
26-07-17,26.8,2,81.68,30,92,48.87,34.29
27-07-17,29.5,2,180.37,65,81,95.33,39.20
28-07-17,31.2,2,259.83,0,73,94.91,34.47
29-07-17,29,0,129.49,0,87,109.49,47.38
30-07-17,28.7,2,155.20,10,86,132.65,71.91
31-07-17,30.5,2,207.38,17,78,92.91,37.57
01-08-17,30.1,2,175.19,1,80,92.29,37.53
02-08-17,28.4,0,126.60,7,90,86.41,44.93
03-08-17,28.8,2,121.37,24,87,58.63,46.34
04-08-17,30.2,0,188.63,123,82,111.11,44.23
05-08-17,30.2,2.5,131.41,1,78,62.63,29.31
06-08-17,29.2,2,135.06,1,84,58.70,28.21
07-08-17,29.1,1.5,217.41,7,79,56.81,17.50
08-08-17,30.4,2,257.49,0,75,78.45,23.60
09-08-17,29.7,2.3,217.48,0,80,85.10,27.20
10-08-17,29.7,3.4,181.44,1,81,82.48,25.72
11-08-17,28.3,2,50.21,11,91,69.53,38.64
12-08-17,26.6,2,48.67,43,95,42.90,27.88
13-08-17,28.2,2,127.69,37,85,58.83,27.45
14-08-17,28.2,0,98.20,0,90,69.32,37.90
15-08-17,28.1,0,117.77,19,90,61.76,35.72
16-08-17,28.1,0,116.32,14,89,70.77,40.43
17-08-17,29.5,0,118.69,17,80,98.74,49.73
18-08-17,28.8,2,101.93,1,81,77.94,31.82
19-08-17,30.1,2,212.72,0,72,70.64,29.39
20-08-17,30.2,2,196.76,0,75,88.76,30.42
21-08-17,28.7,0,157.27,0,88,115.01,52.19
22-08-17,28.8,8,149.64,18,84,110.56,59.45
23-08-17,28.1,0,117.16,126,89,51.82,31.79
24-08-17,29.7,2,136.69,16,80,64.42,27.22
25-08-17,28.8,0,146.42,0,88,68.07,28.84
26-08-17,29.2,5,164.44,28,82,64.30,28.87
27-08-17,29.6,2,190.06,48,77,47.31,23.97
28-08-17,29,2,178.87,1,81,52.92,23.35
29-08-17,29.6,2,208.92,0,77,67.54,29.46
30-08-17,30.4,0,213.83,0,75,63.45,26.13
31-08-17,28.1,1.5,91.77,0,90,65.13,22.72
01-09-17,29.1,0,183.40,29,82,45.08,21.46
02-09-17,29.1,2,185.83,0,81,50.74,21.87
03-09-17,29.1,2,242.41,0,82,45.96,29.09
04-09-17,30.6,2,275.66,3,74,51.48,32.16
05-09-17,30.5,0,198.19,0,77,61.80,40.83
06-09-17,30.8,1.5,216.46,0,77,72.83,50.12
07-09-17,30.2,2,205.03,0,79,51.24,31.50
08-09-17,30.4,2.2,234.25,0,77,39.78,21.83
09-09-17,29.5,2.3,186.75,0,80,40.80,18.99
10-09-17,27.1,2,73.91,0,92,41.90,26.58
11-09-17,25.8,2,37.89,55,94,52.90,38.14
12-09-17,28.7,2,196.28,80,84,95.76,57.32
13-09-17,28.7,0,127.50,1,86,72.93,41.75
14-09-17,29.4,2,156.91,7,82,87.65,43.35
15-09-17,29.4,0,122.12,0,83,116.94,63.82
16-09-17,31.8,2,253.29,0,73,143.67,70.68
17-09-17,28.2,2,120.76,0,87,106.11,49.34
18-09-17,29.7,2,232.63,11,76,48.00,26.28
19-09-17,27.2,2,100.10,22,90,35.27,22.36
20-09-17,28.5,2,131.24,13,85,61.75,38.69
21-09-17,29.1,2,229.10,39,84,75.36,34.15
22-09-17,30.5,2.3,261.65,2,74,80.70,28.72
23-09-17,31.2,3,247.90,0,74,95.56,36.69
24-09-17,31.7,2,220.67,0,73,129.83,48.93
25-09-17,30.4,0,111.66,0,83,139.46,69.75
26-09-17,30.2,2,131.52,5,83,146.51,77.12
27-09-17,29,0,88.56,0,87,159.47,87.40
28-09-17,28.1,5.5,164.68,5,85,69.54,45.02
29-09-17,26.9,3,72.38,94,91,30.66,18.83
30-09-17,27.5,3,119.53,15,91,56.98,30.03
01-10-17,27.4,2,103.33,31,91,62.52,38.09
02-10-17,28.7,2,207.29,25,81,87.49,44.84
03-10-17,29.6,0,212.22,0,79,87.25,34.04
04-10-17,30.5,2,175.90,0,79,106.00,45.59
05-10-17,30.7,0,204.57,0,73,125.37,43.83
06-10-17,29.6,0,127.51,0,80,149.44,59.07
07-10-17,28.2,2,111.35,5,81,59.42,23.45
08-10-17,28.1,2.6,153.30,2,79,52.15,19.35
09-10-17,27.2,4,94.03,1,84,47.08,21.51
10-10-17,29.4,3,246.48,0,76,132.40,37.55
11-10-17,30.3,2,243.46,0,73,139.15,40.18
12-10-17,30.4,3,258.64,0,75,122.23,53.28
13-10-17,30.2,2,225.02,0,73,83.53,29.46
14-10-17,29.9,2,198.32,0,75,79.33,23.88
15-10-17,29.1,0,154.25,61,83,143.45,74.44
16-10-17,29.7,0,148.07,0,76,185.47,102.48
17-10-17,30.3,2,218.77,0,76,210.00,113.25
18-10-17,29.3,2,182.09,0,76,138.13,64.39
19-10-17,26.5,4,102.93,0,89,42.55,19.20
20-10-17,24.4,4.5,19.58,50,96,28.27,23.31
21-10-17,24.2,7,18.11,149,94,18.39,16.32
22-10-17,24.6,3,189.38,86,86,65.19,25.64
23-10-17,27.6,5,228.19,0,79,124.60,47.70
24-10-17,27.1,5,173.66,0,79,117.72,57.39
25-10-17,26.5,0,124.28,2,85,177.65,100.45
26-10-17,26.4,2,217.00,0,80,159.31,91.44
27-10-17,26.1,2,225.97,0,72,169.08,90.98
28-10-17,25.1,0,190.70,0,75,154.37,94.11
29-10-17,25.5,0,170.91,0,70,162.47,87.20
30-10-17,21.9,2,57.30,0,84,111.21,64.46
31-10-17,23.5,2,219.00,0,77,99.15,45.76
01-11-17,25.2,2,218.87,0,73,106.75,53.58
02-11-17,25.6,3,202.44,0,72,157.98,74.76
03-11-17,25.7,4,231.89,0,70,174.31,79.31
04-11-17,27.2,2.4,226.07,0,69,128.19,60.04
05-11-17,27,2,225.85,0,69,129.56,67.80
06-11-17,27.1,4,215.43,0,68,162.18,73.48
07-11-17,27,2,215.38,0,64,145.59,64.00
08-11-17,26,2,206.98,0,67,149.25,72.99
09-11-17,25.2,2,152.32,0,71,218.38,110.25
10-11-17,25.4,0,212.42,0,67,160.42,79.66
11-11-17,25.4,0,201.98,0,65,155.10,76.78
12-11-17,26.6,2,204.66,0,59,168.62,87.05
13-11-17,27.1,2,189.56,0,55,135.49,62.94
14-11-17,26.3,0,133.29,0,65,145.15,73.02
15-11-17,23.6,2,41.33,0,77,112.77,62.91
16-11-17,22.8,2.5,59.23,4,86,47.72,34.89
17-11-17,25.5,3,113.42,2,82,88.07,40.05
18-11-17,26.8,0,117.31,0,78,116.85,61.02
19-11-17,25.7,0,87.70,0,76,155.91,83.28
20-11-17,25.1,2,136.80,0,71,288.38,131.56
21-11-17,24,3.7,131.01,0,54,265.58,153.77
22-11-17,22.8,2.7,140.46,0,51,223.75,124.26
23-11-17,22.8,2.7,124.08,0,59,249.43,165.76
24-11-17,23,2,129.27,0,61,259.64,165.26
25-11-17,22.6,4,128.94,0,57,283.55,164.60
26-11-17,22.6,2,124.96,0,61,257.55,151.29
27-11-17,23.1,2,130.15,0,66,291.12,153.21
28-11-17,21.7,0,99.20,0,68,422.69,258.74
29-11-17,21.6,2,101.14,0,81,439.37,266.37
30-11-17,21.3,2,124.92,0,70,271.58,161.20
01-12-17,21.8,0,127.90,0,72,329.31,162.83
02-12-17,22.2,3,132.77,0,72,348.26,179.99
03-12-17,21.8,2,131.46,0,67,230.23,122.96
04-12-17,21.3,0,114.16,0,71,272.57,138.54
05-12-17,21.1,0,105.87,0,70,323.52,163.56
06-12-17,22.7,0,102.02,0,68,362.00,179.85
07-12-17,22.7,0,113.38,0,68,252.32,133.94
08-12-17,22.8,0,46.65,0,69,226.16,119.02
09-12-17,21,3.5,29.00,4,95,54.60,40.34
10-12-17,22.1,2.5,40.85,15,95,22.72,17.43
11-12-17,22.8,2,39.51,14,92,74.19,42.04
12-12-17,23.4,0,113.62,0,81,234.94,109.78
13-12-17,22.9,0,97.27,0,84,353.08,199.53
14-12-17,22,0,108.61,0,74,383.90,203.02
15-12-17,20.7,2,114.75,0,64,311.56,164.36
16-12-17,19.7,0,111.92,0,69,292.43,173.90
17-12-17,20.5,0,81.00,0,84,322.82,186.84
18-12-17,20.5,0,80.20,0,79,210.20,146.30
19-12-17,18,0,40.28,0,91,172.25,125.19
20-12-17,19.1,0,68.85,0,88,248.93,154.28
21-12-17,20.3,0,94.10,0,79,263.02,160.68
22-12-17,20.5,0,116.47,0,82,294.87,170.94
23-12-17,21,0,142.14,0,74,249.62,156.82
24-12-17,21.3,2,149.65,0,71,260.93,181.86
25-12-17,21.5,2,156.01,0,75,225.00,162.21
26-12-17,21.4,2,150.65,0,70,243.77,172.31
27-12-17,21.1,4,160.49,0,72,259.60,173.08
28-12-17,19.4,2,125.45,0,85,222.89,164.19
29-12-17,19.7,0,140.22,0,83,321.00,151.41
30-12-17,21.6,0,178.80,0,67,194.67,152.32
31-12-17,21.6,3,64.79,0,64,393.94,156.85
01-01-18,20.6,0,147.26,0,71,398.64,213.25
02-01-18,20.2,2.3,100.62,0,74,226.52,157.47
03-01-18,18.4,3.3,146.76,0,54,229.98,150.40
04-01-18,15.7,2.7,103.81,0,72,252.86,185.66
05-01-18,16.1,2,103.88,0,82,289.44,210.03
06-01-18,16.8,2,153.54,0,58,217.97,145.53
07-01-18,14.1,3.5,138.44,0,67,284.22,196.73
08-01-18,13,2,121.04,0,75,309.87,217.90
09-01-18,16.6,2,132.55,0,64,291.86,204.58
10-01-18,16.3,2,127.64,0,68,301.23,221.88
11-01-18,13.8,2.7,101.14,0,83,332.82,247.68
12-01-18,15.1,2,90.64,0,81,307.12,226.19
13-01-18,15.7,0,84.38,0,83,395.80,270.35
14-01-18,14.6,2,61.66,0,90,361.74,282.22
15-01-18,15.7,2,92.00,0,83,321.32,215.03
16-01-18,17.7,2,120.47,0,70,280.89,198.46
17-01-18,18.8,2,110.82,0,75,317.52,217.13
18-01-18,20.1,2,128.05,0,63,237.64,157.81
19-01-18,20,2,140.14,0,58,221.85,143.79
20-01-18,18.3,2,168.57,0,62,255.52,168.57
21-01-18,19,2,137.58,0,66,443.73,245.01
22-01-18,17.7,2.3,109.87,0,78,359.19,230.69
23-01-18,19.8,2,121.74,0,67,406.99,242.83
24-01-18,19.6,2,128.68,0,62,461.98,256.86
25-01-18,20.5,2,107.38,0,58,353.18,200.76
26-01-18,19.6,0,140.37,0,53,240.02,132.20
27-01-18,17.1,2.3,136.25,0,64,236.11,148.33
28-01-18,17.1,2.5,132.00,0,62,378.00,207.34
29-01-18,17.6,2,128.51,0,66,555.71,268.21
30-01-18,18.2,2.5,128.08,0,62,515.60,272.72
31-01-18,19.1,2,110.17,0,67,357.43,232.30
01-02-18,19.1,2,108.04,0,69,287.62,179.93
02-02-18,19.6,0,99.39,0,79,492.86,308.96
03-02-18,20.1,0,73.60,0,82,479.69,309.76
04-02-18,22.4,2,119.13,0,71,241.86,188.72
05-02-18,22.2,2,90.79,0,82,267.63,142.53
06-02-18,21.7,0,118.40,0,69,396.24,198.27
07-02-18,22.2,2,125.98,0,60,395.60,195.26
08-02-18,21.9,2,76.19,0,50,353.17,155.95
09-02-18,23.1,2,108.28,0,57,285.11,140.13
10-02-18,23.6,2,101.72,0,49,250.47,123.87
11-02-18,22.2,3,132.30,0,38,253.99,121.13
12-02-18,23.3,2,146.94,0,46,312.80,159.26
13-02-18,23.9,3,133.83,0,49,301.66,157.01
14-02-18,23,2.5,130.95,0,59,325.37,121.71
15-02-18,22.3,2.5,124.02,0,50,279.19,139.70
16-02-18,22.4,3,160.70,0,51,263.51,123.21
17-02-18,21.8,2.5,137.21,0,62,416.12,207.13
18-02-18,22.5,2,129.04,0,62,469.44,237.49
19-02-18,23.6,3,117.46,0,57,406.00,189.86
20-02-18,24.5,3,118.29,0,57,393.01,184.18
21-02-18,24.8,2,107.09,0,64,428.92,219.16
22-02-18,25,2,124.93,0,60,420.13,205.89
23-02-18,26.1,2,121.32,0,64,270.76,169.40
24-02-18,25.8,2,130.12,0,71,199.70,98.44
25-02-18,27.3,2,131.82,0,60,211.65,92.85
26-02-18,23.4,5,165.61,4,73,183.42,77.55
27-02-18,25.3,2,189.73,16,72,219.90,134.69
28-02-18,25.8,2,211.59,0,60,182.57,98.98
01-03-18,25.9,3,192.99,0,60,284.51,142.61
02-03-18,26.7,3,200.37,0,59,358.91,192.77
03-03-18,27.4,2.5,216.61,0,66,192.37,89.10
04-03-18,28.2,2.3,230.24,0,66,154.13,73.10
05-03-18,28.1,2,201.89,0,53,188.23,81.06
06-03-18,27.4,2,213.28,0,46,325.35,115.02
07-03-18,26.2,2.3,229.54,0,39,218.27,97.31
08-03-18,25.9,2.5,226.64,0,45,276.97,118.07
09-03-18,25.6,3,215.93,0,53,359.26,155.19
10-03-18,25.5,3,215.10,0,45,391.68,179.28
11-03-18,26.3,2.5,222.90,0,45,371.40,186.94
12-03-18,27.5,3,206.27,0,62,298.36,131.99
13-03-18,26.5,2.5,183.99,0,65,158.13,76.94
14-03-18,27.6,3,199.96,0,71,191.47,112.52
15-03-18,28.4,3,211.43,0,67,180.70,81.45
16-03-18,27.3,2.5,147.43,0,65,183.74,82.84
17-03-18,27.5,2,234.14,0,56,219.62,105.69
18-03-18,28.1,2.5,231.74,0,60,333.19,155.71
19-03-18,27.8,2.5,213.54,0,60,297.01,152.34
20-03-18,27.1,2,240.10,0,44,377.00,168.07
21-03-18,28.4,2.5,236.21,0,48,359.97,173.75
22-03-18,28.1,2,224.05,0,60,261.21,130.58
23-03-18,28.4,3,215.40,0,68,207.71,106.98
24-03-18,29,3,203.49,0,68,157.23,81.64
25-03-18,29.6,2,187.08,0,64,281.48,146.35
26-03-18,27.2,2.5,174.35,2,67,210.37,120.21
27-03-18,27.6,2.5,190.42,0,72,230.92,133.08
28-03-18,28.9,2.7,183.46,0,68,180.28,100.11
29-03-18,28.8,2.7,198.07,0,68,143.35,67.16
30-03-18,25.1,4,192.51,0,74,137.18,61.61
31-03-18,24.2,3,183.31,1,69,121.95,69.65
01-04-18,27.5,2,245.90,14,55,201.21,99.82
02-04-18,26.1,2,138.43,0,66,217.24,101.79
03-04-18,28.6,2,233.09,0,58,250.89,143.85
04-04-18,27.6,3,211.88,0,62,279.10,150.32
05-04-18,27.7,5.3,242.96,0,61,221.02,104.06
06-04-18,26.5,3,207.86,0,71,122.23,69.11
07-04-18,26.7,2.3,603.29,2,71,83.98,45.38
08-04-18,25.8,2,242.27,5,75,127.42,67.15
09-04-18,28.3,3,244.41,0,65,183.38,110.11
10-04-18,28.6,3,250.38,0,61,139.88,60.17
11-04-18,26.9,3,214.61,0,70,124.86,60.02
12-04-18,27,2,269.95,8,63,146.88,72.47
13-04-18,28.4,2.5,289.67,5,66,126.78,60.83
14-04-18,26.5,2,243.86,0,76,93.75,50.42
15-04-18,28.7,0,270.04,42,65,124.99,70.67
16-04-18,29.7,2,261.85,0,61,132.18,68.93
17-04-18,25,4,175.92,0,76,130.76,77.07
18-04-18,27.8,2,272.53,50,70,114.21,70.17
19-04-18,27.2,3.5,206.42,12,75,110.76,61.08
20-04-18,28.6,2.8,239.35,2,72,99.28,48.99
21-04-18,26.6,3,155.99,17,86,82.18,45.99
22-04-18,28,6,179.96,12,80,92.66,49.89
23-04-18,29.6,2,213.05,5,76,169.12,95.63
24-04-18,30.2,2.3,188.09,0,73,153.53,75.02
25-04-18,27.5,2.3,255.80,0,66,105.87,50.12
26-04-18,26.8,3.8,233.11,26,64,92.60,53.63
27-04-18,26.7,2.3,276.51,32,69,95.58,59.52
28-04-18,29.2,3.3,271.05,0,64,130.63,76.53
29-04-18,22.3,3,57.27,0,86,117.95,68.41
30-04-18,22.7,4,69.06,77,87,73.67,50.07
01-05-18,27.4,3.5,263.25,32,74,67.23,44.58
02-05-18,25.2,3,267.25,0,80,77.99,56.68
03-05-18,26.7,3,215.49,5,74,100.64,64.48
04-05-18,25.9,4,159.02,0,82,110.48,73.19
05-05-18,26.9,5,203.53,19,81,79.69,49.31
06-05-18,29.4,4,214.92,24,76,82.72,37.30
07-05-18,27.2,2.3,76.21,4,81,56.63,32.14
08-05-18,29.6,5.7,157.11,0,81,67.40,34.89
09-05-18,27.8,2,161.09,0,84,79.06,44.50
10-05-18,24.4,4.5,111.08,14,84,72.35,32.13
11-05-18,25.8,7.3,195.20,15,77,71.36,48.78
12-05-18,27.5,6,283.93,2,71,111.38,68.68
13-05-18,26.9,3,119.24,0,77,166.06,145.09
14-05-18,27.7,2,189.56,42,74,104.41,68.34
15-05-18,28.5,4.5,222.59,0,74,113.00,58.53
16-05-18,23.8,5,119.76,22,83,119.14,79.01
17-05-18,27.7,5,196.96,10,79,139.22,69.42
18-05-18,25.8,4,135.58,0,87,92.28,60.01
19-05-18,27.9,2,212.41,31,83,87.99,60.69
20-05-18,26.9,3,164.63,35,83,87.92,53.90
21-05-18,26.3,6,89.71,35,90,87.25,55.34
22-05-18,28.1,3,130.22,19,89,84.01,25.81
23-05-18,26.7,4,79.44,12,90,80.79,43.55
24-05-18,28.7,5,209.08,52,83,86.18,32.04
25-05-18,28.9,3.8,183.96,1,82,61.26,27.23
26-05-18,30.7,2,231.84,18,78,59.70,24.45
27-05-18,31.3,2.5,273.05,0,73,56.27,21.90
28-05-18,30.6,2.5,250.28,0,70,70.87,31.86
29-05-18,29.9,4,270.12,0,62,94.86,44.95
30-05-18,30.6,3.5,259.44,0,65,145.47,86.17
31-05-18,26.1,2,122.64,0,87,48.42,27.74
01-06-18,26.6,3,268.63,82,89,88.52,51.95
02-06-18,28.8,3,243.29,1,83,76.52,48.30
03-06-18,28,3,230.58,2,87,80.05,42.97
04-06-18,29,5,185.72,35,84,116.37,66.24
05-06-18,30.3,0,206.98,23,77,113.10,55.78
06-06-18,30,3,211.43,0,84,100.13,44.44
07-06-18,31.2,3,210.37,6,78,91.86,43.32
08-06-18,30.7,3,215.77,1,79,66.98,31.10
09-06-18,30.9,3,176.12,0,76,118.87,46.38
10-06-18,28.9,3,197.84,3,83,50.77,29.81
11-06-18,29,5,158.93,24,84,59.15,24.23
12-06-18,28.3,3,145.73,0,90,83.37,39.91
13-06-18,29.2,3.5,108.35,58,87,78.97,40.56
14-06-18,31.8,3,228.52,0,80,124.05,49.60
15-06-18,29.6,7,163.84,0,83,116.62,48.09
16-06-18,27.7,4.7,114.18,8,79,59.96,29.62
17-06-18,30.2,2.8,241.80,1,79,84.41,38.50
18-06-18,31.4,3,227.80,1,80,85.32,40.93
19-06-18,26.5,3,57.61,0,85,69.36,38.76
20-06-18,30.2,5,209.24,8,77,84.17,49.60
21-06-18,30.8,3,256.02,0,77,68.47,37.18
22-06-18,30.7,4.3,227.12,1,75,38.30,17.60
23-06-18,28.2,3,102.02,0,88,33.71,20.35
24-06-18,29.4,4.7,148.60,62,83,54.82,36.60
25-06-18,27.8,5,91.16,0,89,76.50,38.50
26-06-18,29.5,4,186.73,31,77,61.43,33.43
27-06-18,28.6,4,152.95,3,79,54.69,24.73
28-06-18,28.6,4.2,184.48,12,80,47.87,21.05
29-06-18,29.7,3.9,240.57,4,76,48.46,16.85
30-06-18,29.9,5.4,240.11,0,78,75.26,25.02
01-07-18,30.1,5,231.90,0,76,82.39,28.01
02-07-18,29.1,3,185.82,1,81,58.52,24.46
03-07-18,27.2,3,69.97,23,92,56.42,29.33
04-07-18,27.5,3.3,110.50,43,91,58.19,36.37
05-07-18,29.5,3.3,186.72,7,82,67.57,35.68
06-07-18,30.4,3,192.19,0,78,90.69,47.19
07-07-18,30.8,3,164.07,0,72,59.29,26.78
08-07-18,29.9,5.3,154.38,0,77,71.67,28.39
09-07-18,29.2,4.5,128.92,3,80,68.63,30.58
10-07-18,29.7,4.7,164.66,1,79,74.09,32.00
11-07-18,30.2,3,177.04,0,76,82.13,37.90
12-07-18,30.2,3,171.57,9,79,67.68,33.63
13-07-18,30.4,3,183.93,9,78,59.00,27.65
14-07-18,31.1,2.8,233.40,1,73,51.65,24.38
15-07-18,30,3.3,150.94,0,79,52.34,23.05
16-07-18,29.7,5,192.44,3,78,69.83,29.89
17-07-18,28.6,4,123.23,5,86,66.17,36.34
18-07-18,30.8,5,223.17,24,76,75.42,33.19
19-07-18,33,0,253.38,0,72,97.39,46.43
20-07-18,31.1,3,179.98,0,73,112.69,40.28
21-07-18,28.7,3.8,121.45,3,83,57.12,26.01
22-07-18,29.1,4,189.18,15,87,59.02,25.85
23-07-18,27.3,4,107.24,23,89,68.15,41.75
24-07-18,27.1,4,64.52,55,93,137.80,68.29
25-07-18,27.4,3,101.51,60,90,45.80,24.83
26-07-18,27.2,3,70.72,39,90,60.88,27.75
27-07-18,28,3,40.21,10,90,52.48,32.23
28-07-18,27.8,3,52.96,10,89,68.91,26.58
29-07-18,28.9,3,190.41,4,82,75.30,26.51
30-07-18,28.8,2,153.93,0,83,81.15,29.23
31-07-18,29.4,2,223.26,6,79,85.19,30.77
01-08-18,28.4,2.5,169.04,3,83,54.37,26.79
02-08-18,27.6,2.5,90.27,25,88,89.25,43.62
03-08-18,28.5,3,180.52,25,83,76.26,34.10
04-08-18,28.8,0,126.46,0,87,90.91,44.90
05-08-18,29.1,3,95.67,5,85,129.16,64.24
06-08-18,29.5,3,211.19,19,82,84.38,47.64
07-08-18,30,3.7,208.25,12,72,68.63,26.59
08-08-18,30,4.3,170.46,0,74,88.93,32.26
09-08-18,29.6,5,185.00,0,78,87.98,30.02
10-08-18,30.8,2,196.80,0,72,75.81,24.23
11-08-18,30.6,3.7,226.89,0,74,68.58,20.87
12-08-18,29,2,130.92,0,83,66.77,23.21
13-08-18,31,3,237.48,9,73,69.23,24.70
14-08-18,31.3,5,235.72,2,71,65.97,21.95
15-08-18,31.3,5.3,242.24,3,68,63.47,22.23
16-08-18,30.6,3.5,212.06,0,72,47.00,34.00
17-08-18,30.6,3,212.65,1,76,98.74,49.73
18-08-18,32,3,184.70,2,73,77.94,31.82
19-08-18,30.2,4,214.95,1,77,68.19,23.21
20-08-18,29.4,4.3,153.22,10,78,53.06,19.62
21-08-18,29.1,3.5,176.55,10,83,35.56,16.45
22-08-18,30,3.5,144.12,0,80,37.21,15.03
23-08-18,29.9,3.5,233.83,2,81,30.41,15.73
24-08-18,29.6,3.7,160.72,6,81,35.74,17.33
25-08-18,30.1,3.7,210.42,0,76,36.22,18.20
26-08-18,29.9,3,208.59,2,77,30.47,13.40
27-08-18,29.4,5,151.78,2,76,41.95,18.21
28-08-18,29.5,3.3,182.69,0,79,43.93,19.57
29-08-18,29,2,146.83,0,82,46.32,19.12
30-08-18,29.7,2,160.25,2,80,49.90,20.42
31-08-18,30.7,4.3,240.66,0,75,50.37,23.72
01-09-18,29.9,3.8,186.78,2,76,50.05,22.49
02-09-18,28.3,3,137.53,0,86,52.59,25.72
03-09-18,29.7,3.7,189.10,15,80,62.95,29.16
04-09-18,29.5,3.7,219.55,0,83,69.85,37.80
05-09-18,29.8,4.3,211.09,4,74,86.67,38.48
06-09-18,29.2,8.7,229.19,0,72,67.00,18.75
07-09-18,29.3,5.8,189.72,0,79,75.00,28.54
08-09-18,30.3,2.7,205.70,0,73,80.22,27.94
09-09-18,30.2,2.3,239.88,0,73,40.80,30.44
10-09-18,29.7,3,203.37,0,75,79.00,32.79
11-09-18,29.1,4,183.13,0,80,52.90,29.20
12-09-18,29.4,2,184.94,1,84,95.76,47.37
13-09-18,27.9,3,77.99,15,90,136.60,58.88
14-09-18,28.5,3,134.16,3,84,87.65,57.23
15-09-18,30.1,5,193.42,0,77,116.94,60.73
16-09-18,30.7,3,245.61,0,70,130.62,52.92
17-09-18,31.6,0,276.71,0,70,114.57,55.97
18-09-18,32.1,0,278.40,0,69,133.04,59.09
19-09-18,31.8,5,224.35,0,70,111.68,54.52
20-09-18,28.9,4,193.89,23,80,49.13,23.38
21-09-18,28.2,5,189.61,2,79,40.69,13.97
22-09-18,28.5,3,181.89,6,84,82.45,38.85
23-09-18,29.7,3,245.00,3,78,114.58,48.58
24-09-18,30.4,3.5,197.22,0,74,118.02,52.09
25-09-18,29.7,4,134.44,0,79,88.13,39.39
26-09-18,30.1,3,171.21,0,77,100.80,51.18
27-09-18,28.4,3,131.61,0,86,120.40,66.74
28-09-18,30.5,0,223.61,2,75,177.03,94.48
29-09-18,30.4,5,189.23,0,77,189.45,94.97
30-09-18,31.4,3,243.98,0,66,175.49,77.45
01-10-18,30.3,5,247.32,0,61,200.48,83.33
02-10-18,30.6,3,253.43,0,58,234.52,88.39
03-10-18,31.1,3,236.82,0,62,168.24,78.00
04-10-18,29,5,171.20,0,74,165.41,87.98
05-10-18,29.3,3,138.85,0,71,182.25,98.69
06-10-18,28.4,5,161.08,0,73,191.22,101.92
07-10-18,29.4,4,202.99,0,69,170.55,82.63
08-10-18,29.7,4,230.52,0,62,206.81,97.94
09-10-18,28.3,4,171.90,0,73,97.10,50.88
10-10-18,25.7,3.3,78.45,0,84,56.52,28.07
11-10-18,25.2,5.3,59.24,1,86,46.48,40.18
12-10-18,24.6,3,37.21,1,92,35.43,53.28
13-10-18,24.6,4.5,61.64,24,90,58.35,29.46
14-10-18,25.2,5,157.03,15,83,71.72,23.88
15-10-18,27.1,4.5,217.03,0,75,197.33,74.44
16-10-18,27.2,2,212.88,0,68,153.83,115.10
17-10-18,26.6,3,210.74,0,67,190.50,117.45
18-10-18,27.3,0,201.20,0,67,215.46,117.67
19-10-18,27.8,3,199.32,0,72,202.44,19.20
20-10-18,27.6,0,149.93,0,76,213.07,23.31
21-10-18,27.6,3,210.85,0,68,173.68,89.14
22-10-18,27.7,5,195.71,0,71,184.51,109.94
23-10-18,27.1,3,207.00,0,71,142.92,82.12
24-10-18,27.1,3,292.41,0,67,135.16,78.32
25-10-18,27.1,3,180.10,0,58,177.65,100.45
26-10-18,26.6,3,181.65,0,62,214.94,91.44
27-10-18,27.5,3,171.24,0,61,228.03,90.98
28-10-18,23.2,6.5,66.99,1,84,116.30,94.11
29-10-18,23.7,3.5,65.68,3,82,83.37,56.44
30-10-18,25.6,3,134.98,0,78,104.77,61.38
31-10-18,26.8,3,196.18,0,74,95.25,60.11
01-11-18,27.4,3,202.15,0,69,151.23,77.00
02-11-18,26.8,3,109.73,0,75,209.27,120.60
03-11-18,27.3,3,183.40,0,75,145.53,89.75
04-11-18,27.5,2,175.02,0,73,131.11,80.13
05-11-18,27.6,2.5,172.98,0,72,115.44,77.87
06-11-18,25.7,2,139.82,0,83,130.98,90.99
07-11-18,24.6,3,156.15,13,79,221.02,141.56
08-11-18,24.8,3,168.08,0,65,201.21,120.69
09-11-18,23.3,3,183.64,0,73,246.90,155.78
10-11-18,23.1,0,130.20,0,69,420.23,225.61
11-11-18,23.5,3,180.69,0,69,359.58,167.84
12-11-18,24.4,3,184.06,0,69,363.67,157.87
13-11-18,23.9,3,188.60,0,71,285.11,139.26
14-11-18,23.8,0,97.07,0,73,366.07,216.43
15-11-18,24.8,0,135.70,0,73,513.26,146.40
16-11-18,25.2,3,164.54,0,63,309.84,145.11
17-11-18,24.8,3.3,140.33,0,62,227.39,136.73
18-11-18,23.2,3,158.23,0,61,265.01,150.83
19-11-18,23,3,162.38,0,63,234.00,130.10
20-11-18,22.4,3,132.95,0,69,406.50,221.33
21-11-18,22.4,4,145.16,0,70,200.28,132.25
22-11-18,22.7,3,153.18,0,69,256.57,171.93
23-11-18,22.7,3,159.60,0,66,214.82,128.57
24-11-18,22.5,0,140.40,0,72,295.95,170.55
25-11-18,22.6,4,166.61,0,70,208.66,133.35
26-11-18,23.6,3,142.35,0,63,230.52,155.96
27-11-18,24.8,4,130.15,0,58,101.27,54.68
28-11-18,23.6,3,99.20,0,61,135.96,78.66
29-11-18,23.1,3,101.14,0,62,297.26,188.65
30-11-18,22.5,0,124.92,0,64,190.12,115.14
01-12-18,22.2,3,127.90,0,63,282.36,172.83
02-12-18,21.9,3,132.77,0,63,321.64,231.56
03-12-18,22.1,3,131.46,0,62,192.31,144.71
04-12-18,22.5,3,114.16,0,63,246.68,184.15
05-12-18,22.7,3,105.87,0,59,207.78,158.39
06-12-18,21.3,0,102.02,0,68,246.34,175.38
07-12-18,21.2,2,113.38,0,63,312.29,212.04
08-12-18,21.5,3,46.65,0,64,248.97,183.98
09-12-18,21.2,3,29.00,0,68,223.59,179.11
10-12-18,20.3,0,40.85,0,69,365.53,231.57
11-12-18,21.3,2.5,39.51,0,64,473.97,306.02
12-12-18,21.2,3,113.62,0,69,234.94,109.78
13-12-18,22.2,3,97.27,0,66,286.33,185.25
14-12-18,22.6,3,108.61,0,62,187.89,134.86
15-12-18,21.7,3,114.75,0,58,232.18,143.53
16-12-18,22.3,3,111.92,0,64,229.47,167.71
17-12-18,20,3,81.00,0,84,208.36,172.68
18-12-18,18,2.5,80.20,12,88,71.79,58.60
19-12-18,16.7,4,40.28,1,89,75.59,60.71
20-12-18,17.1,3,68.85,0,85,180.95,139.69
21-12-18,19.3,3,94.10,0,72,203.61,138.22
22-12-18,19.9,4.3,116.47,0,69,229.85,178.48
23-12-18,19.8,0,142.14,0,72,226.50,172.80
24-12-18,20.4,3,149.65,0,67,219.85,149.63
25-12-18,19.5,3,156.01,0,63,271.22,211.26
26-12-18,19.2,3,150.65,0,57,255.08,202.36
27-12-18,18.8,3,160.49,0,56,256.58,195.94
28-12-18,17.9,3,125.45,0,43,214.23,161.21
29-12-18,17.5,3,140.22,0,51,205.12,157.07
30-12-18,18.2,5,178.80,0,66,189.07,156.45
31-12-18,19.5,3,64.79,0,63,205.05,138.34
