date,Temp,ws,SolarRad,Rainfall,Humidity,PM10,PM2.5
01-01-13,17,0,89.24,0,69,353.92,239.56
01-02-13,18.4,2,107.57,0,68,377.76,255.73
01-03-13,18.9,0,79.21,0,74,358.93,246.32
01-04-13,19.9,2,72.29,0,70,363.61,254.28
01-05-13,18.7,2,102.34,0,60,260.23,182.96
01-06-13,18.2,2,107.14,0,53,302.63,213.63
01-07-13,17.1,2,62.77,0,59,318.23,234.27
01-08-13,12.5,2.3,139.88,0,71,313.89,255.15
01-09-13,10.4,2,95.55,0,81,320.12,253.82
01-10-13,12.3,2,40.95,0,80,417.83,315.62
01-11-13,12.5,0,94.64,0,79,345.6,263.22
01-12-13,15.8,2,106.23,0,66,289.25,214.06
01-13-13,16.8,2,107.82,0,73,365.09,264.36
01-14-13,17.7,0,108.85,0,68,339,234.98
01-15-13,18.5,2,99.62,0,63,347.8,226.9
01-16-13,18.6,0,96.12,0,68,395.49,261.86
01-17-13,19.4,0,91.06,0,67,428.73,274.27
01-18-13,20,2,116.66,0,67,290.14,223.7
01-19-13,21.6,0,109.09,0,62,320.6,213.69
01-20-13,21.5,2,100.16,0,64,241.47,167.51
01-21-13,19.6,2,137.94,0,58,215.36,137.79
01-22-13,19.4,2,82,0,58,201.67,137.51
01-23-13,19,2.3,93.59,0,59,202.14,141
01-24-13,18.5,2.7,87.77,0,60,191.06,136.87
01-25-13,15.7,2.6,95.82,0,66,226.51,168.43
01-26-13,16.1,2.4,78.43,0,59,209.62,158.67
01-27-13,17,2,115.56,0,66,258.21,197.06
01-28-13,18.2,2,84.33,0,64,261.95,196.13
01-29-13,17.9,2,117.63,0,65,261.46,187.65
01-30-13,19.6,2,115.71,0,51,300.33,215.38
01-31-13,20,0,89.72,0,60,287.98,200.93
02-01-13,19.6,0,53.2,0,69,380.15,262.2
02-02-13,21.4,2,95.93,0,59,313.24,211.89
02-03-13,22.3,2,125.15,0,49,243.83,156.7
02-04-13,22.3,2,114.32,0,55,249.45,149.17
02-05-13,23.2,2,118.82,0,58,263.57,159.96
02-06-13,23.8,3,138.5,0,53,177.74,108.17
02-07-13,24.2,2,109.86,0,55,202.87,115.05
02-08-13,22,2.4,114.52,0,62,138.21,79.51
02-09-13,20.7,2,155.06,0,54,157.4,93.52
02-10-13,21.5,3,154.91,0,49,176.12,106.63
02-11-13,22.5,2,139.19,0,51,196.12,122.49
02-12-13,23.3,2,124.33,0,52,193.23,118.81
02-13-13,23.4,2,117.71,0,51,205.8,124.76
02-14-13,22.4,3,138.39,0,54,259.97,157.61
02-15-13,23.8,2,144.24,0,43,327.01,200.71
02-16-13,23.5,2,86.81,0,56,249.79,138.73
02-17-13,19.1,3,58.98,0,82,179.65,101.11
02-18-13,17.9,2,,8,83,,
02-19-13,20.4,2.5,,0,63,,
02-20-13,22.3,2,,0,55,,
02-21-13,23.1,2.8,,0,55,,
02-22-13,24.5,2.5,,0,51,,
02-23-13,24.8,2,,0,56,,
02-24-13,25.9,2,155.76,0,51,124.47,67.26
02-25-13,25.8,2,164.28,0,49,148.05,77.16
02-26-13,25.5,2.3,172.11,0,46,122.66,63.33
02-27-13,25.6,3,169.02,0,52,151.95,86.56
02-28-13,25.2,2,170.19,0,52,185.44,108.05
03-01-13,24,3,179.49,0,43,179.57,97.21
03-02-13,24.4,2.3,177.14,0,44,182.55,101.77
03-03-13,24.8,2,167.23,0,56,171.05,71.42
03-04-13,25.5,2,162.54,0,51,214.93,
03-05-13,25.1,2,170.38,0,50,200.83,
03-06-13,26.1,2,162.56,0,51,294.15,105.21
03-07-13,26.5,4,159.73,0,45,291.54,161.09
03-08-13,26.2,2.3,179.86,0,45,243.62,135.64
03-09-13,26.2,3,153.81,0,47,267.05,153
03-10-13,27,2.7,143.85,0,43,264.96,148.89
03-11-13,26.5,2,146.54,0,68,118.25,69.73
03-12-13,27.5,2,142.49,0,70,85.88,46.56
03-13-13,26.8,2,144.23,0,74,109.61,60.85
03-14-13,28.3,2,162.25,8,66,158.96,90.88
03-15-13,29.5,2.5,156.87,0,58,152.16,90.41
03-16-13,28.5,2,158.69,0,53,168.68,96.06
03-17-13,26,3,129.8,0,55,240.5,118.07
03-18-13,26.4,2.5,197.84,0,44,122.76,64.69
03-19-13,27.9,2,190.27,0,50,103.7,57.25
03-20-13,28.4,2.5,177.98,0,54,139.81,74.34
03-21-13,28.5,3,175.08,0,57,135.75,76.51
03-22-13,27.9,2,150.17,0,51,203.97,105.52
03-23-13,28.1,2,159.85,17,72,124.98,76.29
03-24-13,29.2,2,158.74,1,69,115.64,70.91
03-25-13,29.7,2,170.66,0,63,115.06,66.41
03-26-13,30.2,2,191.05,0,56,107.59,53.94
03-27-13,29.7,2,192.23,0,55,108.5,55.49
03-28-13,29.8,2.5,175.36,0,57,115.38,64.79
03-29-13,28.4,3.8,138.51,0,48,156.74,90.87
03-30-13,28.8,2.3,151.22,0,54,124.76,77.63
03-31-13,29.2,2,136.73,0,69,118.15,72.21
04-01-13,27.4,2,129.71,2,62,94.14,53.6
04-02-13,29.2,2,186.83,0,71,92.51,55.16
04-03-13,30,2.2,190.68,0,64,102.32,57.29
04-04-13,31.1,2.5,188.82,0,50,100.8,48.5
04-05-13,30.2,3.3,216.88,0,35,126.72,51.35
04-06-13,29.2,3.5,218.96,0,35,128.88,53.49
04-07-13,29.7,2.8,204.21,0,64,110.22,55.91
04-08-13,30.6,3.4,202.63,0,65,104.24,45.44
04-09-13,30.9,2.8,208.36,0,65,90.43,40.03
04-10-13,30.3,3,208.19,0,69,77.71,35.16
04-11-13,30.7,3,184.47,0,69,84.36,36.97
04-12-13,31.2,2.3,200.81,0,68,84.08,39.13
04-13-13,31.1,3.7,196.04,0,64,72.94,31.52
04-14-13,29.7,4,123,0,58,103.22,39.24
04-15-13,28.6,2.5,192.95,0,54,101.64,41.41
04-16-13,25.6,3.3,149.57,0,69,92.15,50.69
04-17-13,25.6,2.5,157.53,3,73,87.05,45.71
04-18-13,26.7,2,177.18,4,64,97.46,55.69
04-19-13,27.5,2.5,152.39,0,68,124.17,68.21
04-20-13,27.6,2.5,211.97,9,61,62.23,33.91
04-21-13,27.5,3,148.27,0,66,125.36,74.49
04-22-13,24.8,2,81.41,0,73,89.36,52.18
04-23-13,26.9,2,162.09,1,68,123.09,74.26
04-24-13,29,2.5,211.91,0,61,140.57,87.79
04-25-13,30.1,4,200.57,0,61,183.19,110.84
04-26-13,31.5,2,209.28,0,61,110.78,61.61
04-27-13,28.4,3,121.37,0,73,81.15,38.3
04-28-13,28.4,2.7,146.82,13,74,74.76,37.6
04-29-13,30.4,2.4,130.17,0,76,77.91,35.5
04-30-13,30.6,2.8,157.32,0,75,77.57,34.9
05-01-13,31.3,4.4,186.31,0,72,69.57,29.78
05-02-13,31.3,3.2,192.67,0,71,62.34,23.87
05-03-13,31.7,3.6,216.71,0,64,61.96,21.79
05-04-13,27.9,4,151.33,0,71,48.35,18.22
05-05-13,25.2,2.8,191.78,4,75,44.08,22.23
05-06-13,23.6,3.4,57.76,2,86,48.71,25.64
05-07-13,26.5,3,126.94,17,84,53.74,28.3
05-08-13,27.4,2,140.97,18,81,44.29,20.03
05-09-13,27.8,4,129.79,40,82,56.61,30.7
05-10-13,30.4,2.8,167.49,0,78,46.41,17.73
05-11-13,29.7,3.8,186.17,0,74,54.08,
05-12-13,26.8,2,152.95,7,79,,
05-13-13,28.7,2.3,177.83,3,73,,
05-14-13,27.8,3.5,150.88,19,76,,
05-15-13,28.5,2,136.58,0,75,,
05-16-13,23.4,2.5,33.87,3,91,35.13,19.94
05-17-13,28.8,3.3,178.92,75,78,76.74,39.75
05-18-13,28.8,3,114.63,0,81,91.44,43.87
05-19-13,30.6,3.7,196.97,3,74,84.31,38.07
05-20-13,27.5,2,95.6,0,86,74.13,40.89
05-21-13,26.7,2.3,91,30,85,64.37,
05-22-13,26.4,2,79.16,4,87,61.55,30
05-23-13,25.6,2,31.79,1,91,58.8,39
05-24-13,25.8,2.7,68.47,109,89,49.62,26.21
05-25-13,28.4,2,147.01,22,80,71.89,36.51
05-26-13,30,2,187.12,0,76,65.11,35
05-27-13,30,2,155.47,0,73,75.68,
05-28-13,29,2,154.84,0,74,48.6,
05-29-13,28.4,4.6,125.69,1,78,40.78,18.74
05-30-13,26.9,6.3,87.01,1,82,42.87,17.2
05-31-13,25.6,3,99.07,19,82,55.09,28.28
06-01-13,30.3,2,205.71,12,78,80.74,33.33
06-02-13,31,3.5,218.06,0,73,72.55,28.67
06-03-13,32.2,3.5,206.46,0,71,91.8,39.15
06-04-13,32.1,2,196.85,0,72,64.51,27.09
06-05-13,31.5,3.5,148.38,0,74,60.91,27.29
06-06-13,29.2,2,97.25,1,82,59.73,22.45
06-07-13,26.4,0,40.98,37,93,34.37,15.52
06-08-13,30,2.2,187.21,20,77,56.57,23.9
06-09-13,29.7,2,124.64,0,79,53.52,21.43
06-10-13,31.2,2,134.52,0,72,62.77,27.26
06-11-13,32.1,2,204.86,0,68,59.89,26.62
06-12-13,31.2,2.7,187.67,0,65,53.72,17.75
06-13-13,30.9,2,210.51,0,67,54.37,15.38
06-14-13,29.2,2,111.11,0,77,58.84,20.11
06-15-13,30.5,2.3,162.05,1,74,103.24,47.03
06-16-13,31.9,2,234.68,0,67,77.19,28.96
06-17-13,32,2.3,216.03,0,66,93.55,35.43
06-18-13,32.2,2,204.04,0,67,95.49,34.21
06-19-13,29.6,2.3,153.03,0,81,79.19,28.46
06-20-13,29.7,2,118.74,9,81,74.63,36.45
06-21-13,30.9,2,160.77,34,74,69.35,34.02
06-22-13,30.9,2,193.44,11,73,51.14,22.99
06-23-13,30.9,2.5,177.12,0,73,54.98,17.1
06-24-13,30.3,4.5,159.71,1,72,55.5,18.5
06-25-13,27.9,5.3,91.01,1,87,38.69,16.61
06-26-13,28.8,2,121.35,32,84,40.33,12.38
06-27-13,29.4,3,119.08,10,83,44.55,14.64
06-28-13,27.4,2,52.94,14,91,48.28,19.52
06-29-13,26.9,3,54.98,85,94,47.45,28.28
06-30-13,27.5,2,69.36,57,88,49.17,28.18
07-01-13,29.4,2,143.95,5,79,68.28,29.09
07-02-13,29.8,2,164.52,0,76,64.37,22.52
07-03-13,29.6,2,143.87,0,78,52.69,20.5
07-04-13,28.3,2.3,77.58,0,85,50.08,19.21
07-05-13,30.4,2.7,196.22,28,75,40.5,13.5
07-06-13,30,2.5,164.5,0,76,38.18,12.46
07-07-13,29.5,2.2,152.1,0,78,47.69,16.74
07-08-13,30.6,2.2,229.92,0,73,39.64,10.52
07-09-13,30.3,2.3,218.23,0,75,41.45,10.96
07-10-13,30.4,2,185.77,0,74,41.95,10.38
07-11-13,29.7,3.2,150,1,74,50.72,13.16
07-12-13,29.2,2.3,121.51,0,80,50.04,17.13
07-13-13,28.6,3.7,132.2,5,79,41.23,14.14
07-14-13,28.7,2,116.13,6,81,54.18,18.42
07-15-13,30.5,2.8,180.75,3,71,61.03,23.49
07-16-13,30,2.5,140.11,0,75,52.61,18.05
07-17-13,29.4,3.5,172.12,1,76,56.23,21.47
07-18-13,29.8,3.2,156.7,1,74,52.09,14.76
07-19-13,28.9,2.6,150.84,2,81,58.37,18.42
07-20-13,28.7,2,145.74,41,83,49.9,18.36
07-21-13,30.1,2,159.51,11,73,,18.49
07-22-13,31.1,2.7,246.56,2,69,56,16.73
07-23-13,30.9,2.2,97.62,0,69,45.96,12.17
07-24-13,30.6,2,176.09,1,70,48.72,13.99
07-25-13,29.4,2.8,142.06,0,76,39.18,13.6
07-26-13,27.7,4.5,108.35,5,87,32.07,16.56
07-27-13,26.9,2,57.23,29,90,32.08,15.32
07-28-13,26.1,2,48.13,122,92,40.1,23.46
07-29-13,27.9,2.3,118.46,35,82,45.6,20.35
07-30-13,29.1,2.8,196.94,3,76,53.35,23.74
07-31-13,28.3,2.5,,1,79,,
08-01-13,29.1,3.3,,4,78,,
08-02-13,30.2,2.8,,6,74,,
08-03-13,30.2,2,,0,79,,
08-04-13,29.2,2,,17,80,,
08-05-13,29.2,2.7,,0,74,,
08-06-13,26.9,2,,3,87,,
08-07-13,27.5,2.5,,20,88,,
08-08-13,28.3,2.5,,39,80,,
08-09-13,29.7,3,,1,75,,
08-10-13,27.6,1.7,,1,87,,
08-11-13,27.7,2,,18,85,,
08-12-13,28.1,2,,4,85,,
08-13-13,29.4,2,,4,78,,
08-14-13,28.2,2.7,,1,84,,
08-15-13,27.6,2,,0,88,,
08-16-13,27.6,2.3,,30,87,,
08-17-13,28.6,2.3,,8,80,,
08-18-13,28.4,3,,1,78,,
08-19-13,28.4,3.5,,0,76,,
08-20-13,27.1,5,,0,85,,
08-21-13,27.9,2.3,,1,84,,
08-22-13,29,2.3,,11,79,,
08-23-13,30.2,2.7,,7,75,,
08-24-13,30.1,2,,0,75,,
08-25-13,31.3,2,,0,72,,
08-26-13,28.7,2.5,,0,83,,
08-27-13,28,2,,17,84,,
08-28-13,28.6,2.3,,5,81,,
08-29-13,28.7,3,,4,82,,
08-30-13,29.3,2.2,,9,80,,
08-31-13,29,2.3,,1,85,,
09-01-13,29,2,,0,87,,
09-02-13,29.1,2.3,,2,79,,
09-03-13,29,2,,1,80,,
09-04-13,29.1,2,,5,81,,
09-05-13,28.8,2.5,,11,84,,
09-06-13,29.3,2,,4,82,,
09-07-13,29.3,2.3,,5,78,,
09-08-13,25.8,2,,0,94,,
09-09-13,27.8,2,,0,84,,
09-10-13,27.8,2,,0,83,,
09-11-13,28.8,0,,0,83,,
09-12-13,29.2,0,,3,83,,
09-13-13,31.4,2,,26,73,,
09-14-13,27.7,2,,12,85,,
09-15-13,29.6,2,,0,76,,
09-16-13,29.1,0,,0,80,,
09-17-13,29.5,2,,0,80,,
09-18-13,29.5,2,,12,78,,
09-19-13,29.8,3,,0,71,,
09-20-13,30.3,2.5,,2,72,,
09-21-13,29.8,2,,0,78,,
09-22-13,29.2,2,,4,85,,
09-23-13,30.6,0,,0,77,,
09-24-13,30.2,2,,0,81,,
09-25-13,27.4,0,,27,90,,
09-26-13,28.3,2,,1,84,,
09-27-13,28.7,4,,20,81,,
09-28-13,28.4,0,,0,84,,
09-29-13,26.8,2,,1,86,,
09-30-13,26.6,2.3,,2,84,,
10-01-13,28.5,2,,5,79,,
10-02-13,30,2.5,,0,72,,
10-03-13,28.1,2,,0,79,,
10-04-13,25.9,2,,4,90,,
10-05-13,26.6,2,,30,90,,
10-06-13,26.3,2,,13,88,,
10-07-13,26.9,0,,3,88,,
10-08-13,27.9,2,,1,76,,
10-09-13,28.3,2,,0,75,,
10-10-13,29.2,2,,0,70,,
10-11-13,29.4,2,,0,69,,
10-12-13,28.9,2,,0,77,,
10-13-13,29,3.2,,4,72,,
10-14-13,29.3,2.7,,1,71,,
10-15-13,28,3,,0,80,,
10-16-13,27.6,2,,6,82,,
10-17-13,28.7,0,,1,80,,
10-18-13,29.4,0,,0,73,,
10-19-13,29.6,2,,0,72,,
10-20-13,27.4,2,,0,78,,
10-21-13,25.4,4,,3,88,,
10-22-13,24.9,0,,35,90,,
10-23-13,25.4,0,,13,86,,
10-24-13,27.4,0,,0,79,,
10-25-13,24.4,2,,0,91,,
10-26-13,23.4,2.3,,11,88,,
10-27-13,24.9,2,,1,81,,
10-28-13,26,2,,0,76,,
10-29-13,26.8,2,,0,73,,
10-30-13,25.5,2,,0,67,,
10-31-13,25.4,2,,0,67,,
11-01-13,25,2,,0,69,,
11-02-13,25.4,2,,0,70,,
11-03-13,26.1,0,,0,72,,
11-04-13,24.4,0,,0,81,,
11-05-13,24.4,2,,0,73,,
11-06-13,24,2,,0,74,,
11-07-13,24.5,2,,0,69,,
11-08-13,24.5,2,,0,69,,
11-09-13,24.7,0,,0,68,,
11-10-13,25.4,2,,0,66,,
11-11-13,25.2,2,,0,58,,
11-12-13,24.2,2.5,,0,52,,
11-13-13,23.9,2,,0,57,,
11-14-13,23.5,2,,0,64,,
11-15-13,23.9,0,,0,61,,
11-16-13,25,2,,0,56,,
11-17-13,22.9,2,11.05,0,69,155.48,124.36
11-18-13,24.5,2,157.11,0,60,133.84,
11-19-13,23.2,2,155.9,0,60,131.42,
11-20-13,22.1,2,142.33,0,66,155.49,
11-21-13,21.8,2,153.67,0,71,169.24,
11-22-13,22.7,2,152.6,0,67,161.7,
11-23-13,22.7,2.5,146.99,0,63,150.01,
11-24-13,22,2,123.31,0,65,224.01,
11-25-13,22.3,2,130.26,0,70,146.11,445
11-26-13,22.7,0,121.04,0,72,153.34,
11-27-13,22.4,2,134.29,0,75,127.14,
11-28-13,23.2,2,138.93,0,69,131.66,
11-29-13,23.6,2,126.51,0,67,177.06,
11-30-13,23.4,2,118.77,0,71,169.72,
12-01-13,23.7,2.3,122.69,0,66,197.3,23.28
12-02-13,23.5,2,121.61,0,65,170.21,
12-03-13,22.4,2,132.2,0,75,164.49,
12-04-13,23.4,2,132.3,0,69,136.79,
12-05-13,23.1,0,109.2,0,68,153.61,
12-06-13,22.4,0,125.89,0,70,175.26,
12-07-13,22.5,2,110.84,0,72,159.78,
12-08-13,22.6,2,119.41,0,68,147.84,
12-09-13,22.3,3,95.75,0,77,163,
12-10-13,22.4,2,130.28,0,71,110.12,
12-11-13,22,2,123.11,0,64,158.32,
12-12-13,20.1,0,103.79,0,67,255.98,
12-13-13,20,2,104,0,67,292.05,
12-14-13,19.4,2,100.43,0,70,329.21,
12-15-13,19.1,2,127.17,0,75,245.54,
12-16-13,19.5,2,126.42,0,68,213.28,
12-17-13,19,0,129.87,0,67,192.57,
12-18-13,19.3,2,91.94,0,69,247.74,
12-19-13,18.8,0,69.53,0,79,318.69,
12-20-13,19.7,2,62.38,0,80,347.11,
12-21-13,20,0,85.27,0,85,250.94,
12-22-13,20,0,95.95,0,80,223.26,
12-23-13,21,2,102,0,75,239.81,126.68
12-24-13,20.8,2.8,122.75,0,68,247.16,
12-25-13,17.4,3,112.12,0,75,260.01,
12-26-13,17.5,2.3,93.16,0,73,274.46,
12-27-13,16,2,89.15,0,85,318.26,
12-28-13,16.6,0,84.51,0,84,315.09,
12-29-13,16.8,2,109.25,0,82,289.41,
12-30-13,17.3,2,126.13,0,72,258.14,
12-31-13,16.4,2,128.73,0,73,279.74,
01-01-14,19.2,2,7.04,0,63,315.6657143,222.31
01-02-14,19.3,2,125.8,0,71,226.3427273,209.55
01-03-14,18.2,2,106.85,0,66,242.5386957,202.26
01-04-14,16.9,2,120.45,0,71,229.3591667,169.56
01-05-14,17,2,115.93,0,76,252.6665217,127.45
01-06-14,17.1,0,103.12,0,84,293.7491667,153.3
01-07-14,17,2,32.69,0,77,359.5966667,191.56
01-08-14,16.6,2,89.63,0,60,309.6554167,215.18
01-09-14,14.4,2,133.19,0,87,277.3491667,222.65
01-10-14,15.7,2,89.88,0,83,302.7970833,315.62
01-11-14,20,2,107.74,0,63,370.2517391,234.67
01-12-14,19.5,2,123.26,0,64,227.96875,187.28
01-13-14,20,2.5,103.36,0,67,208.51,216.66
01-14-14,17.2,2,123.75,0,83,223.99125,204.92
01-15-14,15.8,2,99.75,0,88,218.76375,201.48
01-16-14,16.7,2.7,31.47,0,78,189.3658333,229.7
01-17-14,17.2,2.3,83.29,0,84,195.0991667,207.04
01-18-14,20.1,3,104.02,0,69,249.9854167,179.82
01-19-14,20.3,4,134.96,0,72,207.7929167,185.95
01-20-14,18.6,2,122.99,0,79,235.3020833,160.52
01-21-14,16.7,2.5,123.24,0,85,186.0379167,155.38
01-22-14,19.2,2,104.42,0,80,173.8191667,144.36
01-23-14,21.4,2,118.07,0,66,323.3829167,144.53
01-24-14,21,3,136.12,0,67,253.82,201.79
01-25-14,21.2,2,122.88,0,61,241.63,180.76
01-26-14,19.7,2.5,138.14,0,62,177.0773913,110.43
01-27-14,17.5,2,151.79,0,70,194.3925,124.68
01-28-14,17.1,2.5,138.35,0,71,220.4883333,149.99
01-29-14,19.3,2,116.46,0,67,234.2370833,153.69
01-30-14,20,2.5,147.03,0,61,243.1658333,148.52
01-31-14,18,3,136.94,0,81,307.9275,169.32
02-01-14,18.4,2.5,114.34,0,78,254.6316667,161.03
02-02-14,19.3,2.8,156.15,0,66,229.5458333,140.74
02-03-14,17.6,2.5,155.89,0,67,208.3341667,131.21
02-04-14,16.2,3,127.69,0,77,267.57125,172.92
02-05-14,19.6,2,122.61,0,74,327.9820833,194.1
02-06-14,21.1,2,135.37,0,67,316.87,184.36
02-07-14,21.9,3,146.12,0,59,321.0858333,156.06
02-08-14,23.6,2,133.42,0,67,211.81875,115.38
02-09-14,23.1,2,130.97,0,65,196.5366667,86.29
02-10-14,22,2,136.54,0,51,255.0195833,99.78
02-11-14,22.4,2.3,120.09,0,51,247.3482609,107.53
02-12-14,21.5,2,158.56,0,44,198.28375,93.82
02-13-14,20.7,2.8,149.63,0,48,202.56625,90.06
02-14-14,21.6,2,134.17,0,45,216.9804167,103.36
02-15-14,19.6,2.8,99.73,0,71,164.6245833,79.01
02-16-14,18.8,2.3,45.55,1,87,105.0808333,69.46
02-17-14,17.9,2,84.35,8,79,106.5375,54.6
02-18-14,18.8,2.7,162.33,3,59,193.905,105.99
02-19-14,21.2,2,174.11,0,56,189.0708333,110.11
02-20-14,21,2,171.24,0,58,195.7675,132.75
02-21-14,20.9,2.7,162.66,0,58,305.1213043,169.01
02-22-14,21.9,2,140.2,0,59,319.08625,206.5
02-23-14,23.1,2.7,141.9,0,58,346.7086957,240.35
02-24-14,23.4,2,149.96,0,64,186.4283333,74.32
02-25-14,24.3,2.5,162.46,0,52,203.4586957,100.23
02-26-14,22.7,2,149.22,0,58,223.1541667,114.07
02-27-14,23.4,2.5,137.99,0,56,251.8956522,142.33
02-28-14,22.3,5,144.86,0,65,165.8845833,74.4
03-01-14,23.4,2,152.17,0,57,149.7279167,72.48
03-02-14,23.4,2.8,6.77,0,59,130.64,62.64
03-03-14,24,2,167.03,0,55,166.3295833,77.72
03-04-14,23.9,3,133.37,0,46,178.38,62.58
03-05-14,23.2,2.7,170.93,0,52,178.2225,85.36
03-06-14,23.7,2,161.36,0,52,210.1404348,101.15
03-07-14,23.3,4.7,168,0,48,216.2025,102.94
03-08-14,22.8,2,169.24,0,47,209.8321739,88.33
03-09-14,23.7,2,163.74,0,44,237.8741667,115.08
03-10-14,24.5,2.8,150.16,0,45,225.325,106.71
03-11-14,24.6,2,169.54,0,45,214.7547619,107.15
03-12-14,26.1,2,147.09,0,47,412.7858824,208.68
03-13-14,27.1,2,132.84,0,52,258.9842857,153.14
03-14-14,26.8,2,161.74,0,45,208.1408333,96.48
03-15-14,25.9,3,183.4,0,40,180.6233333,87.92
03-16-14,25.8,2.3,176.59,0,42,190.345625,94.97
03-17-14,26.5,2,160.72,0,44,347.766,178.28
03-18-14,27.9,2,144.33,0,60,312.769,168.83
03-19-14,28.3,2.5,157.32,0,64,147.8455556,76.8
03-20-14,27.4,2,160.31,0,52,166.2083333,68.33
03-21-14,27.1,2,135.82,0,50,231.2633333,76.51
03-22-14,27.2,2,154.33,0,57,199.3186957,105.52
03-23-14,26,2,181.1,10,58,108.3963636,82.35
03-24-14,26.5,2.5,165.85,0,65,129.0220833,66.72
03-25-14,27.1,2,160.94,0,66,138.7926087,67.07
03-26-14,28.5,2,151.5,0,67,129.1045833,66.95
03-27-14,30.2,2,184.65,0,65,117.1434783,54.51
03-28-14,30.5,3,196.13,0,56,141.003913,62.39
03-29-14,31.5,2,205.2,0,42,168.7341667,74.16
03-30-14,31.5,2.7,197.9,0,47,166.4991667,68.08
03-31-14,31.6,2,189.99,0,51,169.0870833,73.1
04-01-14,30.7,2,166.17,0,58,136.975,62.04
04-02-14,30.9,2,181.64,0,54,158.47,73.89
04-03-14,29.7,2,178.76,0,59,179.4833333,70.18
04-04-14,25,2,164.76,54,69,90.55869565,52.65
04-05-14,27.7,2,135.26,6,65,175.7583333,98.09
04-06-14,27.9,2,172.85,0,70,148.6713043,77.31
04-07-14,29.5,2.3,162.17,1,68,140.1073913,63.94
04-08-14,29.9,2.7,154.72,0,71,96.79416667,37.6
04-09-14,30.5,3.3,164.84,0,68,95.25043478,39.49
04-10-14,29.6,2,194.81,0,60,114.3841667,46.9
04-11-14,30.2,2,205.43,0,52,158.6041667,72.5
04-12-14,30.8,2,199.65,0,50,131.5247826,59.52
04-13-14,30.1,2,201.77,0,42,126.3352174,52.58
04-14-14,29.7,3,185.44,0,50,253.7875,99.58
04-15-14,29.8,2,158.09,0,51,228.5570833,110.6
04-16-14,31.6,2,173.4,0,49,218.6422727,112.47
04-17-14,31.3,2,196.67,0,63,104.0513043,48.91
04-18-14,32.2,2,197.97,0,58,156.3225,63.03
04-19-14,31.8,2,177.63,0,58,177.8329167,75.49
04-20-14,32.6,2,194.66,0,51,222.3436364,98.18
04-21-14,32,2,216.48,0,40,251.08875,108.05
04-22-14,32.4,2,213.04,0,37,250.953913,105.8
04-23-14,32.8,2,214.86,0,36,236.0713043,101.75
04-24-14,34.4,2.3,212.89,0,38,210.16625,87.28
04-25-14,32.2,2.5,203.78,0,50,158.0845455,64.42
04-26-14,31.5,2.3,207.37,0,58,122.6156522,59.36
04-27-14,32.2,2,216.6,1,64,115.7829167,55.09
04-28-14,29.4,2,155.75,0,68,114.5604167,46.44
04-29-14,30.4,2,181.89,7,65,97.45791667,38.18
04-30-14,31,2.3,225.51,11,65,99.49375,51.37
05-01-14,29.4,5.5,197.21,0,68,87.03125,37.31
05-02-14,29.5,4.5,200.78,15,64,81.36166667,37.04
05-03-14,28.7,2,191.1,3,60,84.02333333,36.15
05-04-14,30.3,2,217.38,0,61,100.20875,46.75
05-05-14,28.4,2,104.17,0,72,81.56166667,36.27
05-06-14,31.3,2,190.45,0,60,124.86375,69.19
05-07-14,27.7,2.5,153.62,0,78,60.07086957,25.3
05-08-14,30.6,2,175.42,22,68,63.5825,23.41
05-09-14,32.3,3,225.27,0,65,61.54916667,20.87
05-10-14,31.6,2,119.35,0,65,74.33454545,29.87
05-11-14,28.7,3,42.19,1,76,48.0175,18.7
05-12-14,31.4,3.7,196.42,3,69,71.49863636,28.43
05-13-14,31.1,3.3,202.56,0,69,85.87833333,36.28
05-14-14,30.9,2.5,206.08,15,61,99.38608696,48.67
05-15-14,30.6,2.3,187.87,0,63,99.97666667,45.66
05-16-14,31.9,2,190.51,0,61,118.9742105,56.74
05-17-14,31.8,2,212.29,0,65,98.688,47.52
05-18-14,32.3,2,186.12,0,64,101.5936364,46.64
05-19-14,32.2,3.7,176.23,0,67,101.1872727,47.5
05-20-14,32.1,3,196.94,0,66,100.7133333,46.08
05-21-14,31.9,2.2,213.95,0,64,98.91708333,37.61
05-22-14,32.3,2,201,0,64,75.02875,26.04
05-23-14,33.1,2.5,211.12,0,62,64.035,24.77
05-24-14,28.4,3,110.51,0,75,53.80041667,24.8
05-25-14,27.5,3,144.89,34,82,64.37416667,35.12
05-26-14,29.3,2,147.26,20,75,76.1875,36.26
05-27-14,28.5,2,157.9,0,82,81.36291667,49.23
05-28-14,27.9,4.5,85.78,10,83,57.74173913,28.24
05-29-14,30.4,4,167.47,18,65,41.49666667,24.86
05-30-14,27.6,6,107.4,0,76,62.88377976,17.2
05-31-14,26.9,2,137.6,6,85,65.15604167,28.28
06-01-14,27.4,2,192.95,5,81,73.20833333,27.48
06-02-14,27,2,174.37,24,89,62.01729167,24.73
06-03-14,29.2,2.5,194.32,52,79,68.27791667,27.88
06-04-14,30.7,2,208,15,74,56.67916667,22.32
06-05-14,31.7,2,174.93,0,71,51.32145833,21.35
06-06-14,31.7,2,136.39,0,68,51.77848485,19.74
06-07-14,31.7,2,100.06,0,68,36.0175,13.73
06-08-14,32,2,111.56,0,66,60.596,20.81
06-09-14,32,2.2,201.14,0,68,40.67136364,15.09
06-10-14,31.3,2.3,178.92,0,73,58.818,23.64
06-11-14,27.8,2,31.57,0,79,59,38.21
06-12-14,32.3,2,154.13,22,73,85.02733333,42.54
06-13-14,30,2.3,188.51,0,75,81.75,38.42
06-14-14,32.2,2,219.66,12,67,88.46428571,47.08
06-15-14,31,2,218.58,0,70,49,33.99
06-16-14,31.3,2,144.01,21,71,70,44.19
06-17-14,28.4,2,62.86,0,88,78.76111111,48.34
06-18-14,29.3,2,101.06,15,80,71.6025,48.64
06-19-14,28.4,2,113.39,0,85,33.29428571,28.34
06-20-14,27.7,2,76.41,32,86,36.00916667,21.46
06-21-14,27.3,2.5,43.98,13,89,42.395,14.55
06-22-14,27.4,2.8,44.13,25,92,55.24833333,17.97
06-23-14,26,2.5,23.83,14,91,51.35347826,18.36
06-24-14,27.5,2,100.72,40,79,72.05625,44.97
06-25-14,30,2,118.16,19,77,100.2729167,51.37
06-26-14,29.2,2,114.99,0,81,77.69333333,42.79
06-27-14,28.8,3,102.25,1,80,53.68041667,27.17
06-28-14,29.2,2.3,154.28,9,79,56.685,25.64
06-29-14,28.6,2,104.92,13,85,68.96125,35.84
06-30-14,29.6,2,126.55,10,76,63.51875,31.84
07-01-14,29.6,3.2,170.48,0,74,49.92833333,20.47
07-02-14,29.1,2.3,119.63,0,78,54.07130435,24.35
07-03-14,28,2.3,72.94,1,86,55.51708333,29.73
07-04-14,28.2,2.3,104,4,83,56.07956522,29.51
07-05-14,26.9,2,47.11,5,90,36.70333333,22.37
07-06-14,29.5,2,185.19,69,82,50.70695652,25.32
07-07-14,30.6,2.7,198.56,3,75,51.245,20.91
07-08-14,29.7,2,182.34,0,79,41.39041667,17.88
07-09-14,30.8,2,184.77,37,74,53.92166667,23.16
07-10-14,31,3,131.68,0,75,61.15125,28.89
07-11-14,30.6,2,163.05,2,72,46.82958333,28.21
07-12-14,31.8,2,197.74,4,67,45.66875,21.35
07-13-14,31.3,2.6,190.7,0,71,49.515,17.94
07-14-14,30.6,2.1,112.86,1,72,52.97875,20.37
07-15-14,29.1,2.8,107.14,0,77,40.24958333,15.32
07-16-14,28.1,2.6,101.41,5,84,35.13375,15.47
07-17-14,29.3,2,154.14,8,79,52.01791667,19.17
07-18-14,29.8,2,175.78,6,78,44.73875,21.38
07-19-14,29.8,2.2,144.5,3,77,51.69,22.16
07-20-14,29.3,3.8,130.93,0,75,46.68368421,11.66
07-21-14,27.3,2.8,77.36,4,86,42.86520476,18.49
07-22-14,28.1,2,113.99,9,82,45.47333333,26.02
07-23-14,29.2,2,127.06,8,75,56.74125,28.67
07-24-14,29.3,2,149.16,2,76,53.94041667,26.78
07-25-14,30.7,2.3,183.11,0,71,54.86166667,26.25
07-26-14,31.1,2,191.26,0,70,35.95,16.64
07-27-14,28.4,2,95.55,11,81,34.66125,19.09
07-28-14,28.9,2,131.79,23,78,33.66714286,13.69
07-29-14,29.3,2.4,146.61,3,77,25.37791667,10.33
07-30-14,30.3,2,176.85,2,73,25.7426087,10.08
07-31-14,29.9,2,157.86,2,76,25.87545455,10.57
08-01-14,30.5,2,157.97,1,75,30.33772727,15.09
08-02-14,30.4,2.5,170.4,1,73,28.278,15.4
08-03-14,28.9,2.8,118.65,0,80,34.704,10.45
08-04-14,28.5,2.4,125.68,5,82,29.60214286,12.97
08-05-14,29.2,2.3,180.86,20,81,37.438125,20.18
08-06-14,28.5,2,110.36,11,83,41.27,17.42
08-07-14,29.4,2.3,135.72,23,81,45.08444444,23.14
08-08-14,29.5,2,200.5,1,73,30.6475,17.73
08-09-14,29.7,2.8,135.55,0,74,43.33333333,19.54
08-10-14,29.7,2.2,166.63,0,77,58.05875,16.08
08-11-14,29.8,2,173.38,0,79,51.33625,18.44
08-12-14,29.6,2.5,159.18,2,82,46.44,18.52
08-13-14,27.4,3,47.72,23,90,44,19.08
08-14-14,26.7,2,35.07,14,93,17,22.22
08-15-14,27.7,0,65.88,55,90,46.828,30.25
08-16-14,27.5,0,74.77,10,88,40.109,31
08-17-14,28.4,2,126.83,16,83,37.838,24.66
08-18-14,28.8,0,136.46,0,84,33.3775,26.01
08-19-14,27.9,2,108.46,17,87,39.434,21.42
08-20-14,28.6,2,153.75,75,85,66.9925,32.04
08-21-14,29.5,2.5,149.92,15,81,61.59285714,38.6
08-22-14,28.6,2,110.34,0,85,46.33333333,22.76
08-23-14,28.6,2,124.02,16,84,25.73,14.82
08-24-14,29.2,2.4,144.65,0,81,28.29818182,13.54
08-25-14,28.4,0,113.9,0,84,33.11333333,19.41
08-26-14,27.3,2,76.46,0,90,59.606,24.61
08-27-14,27.9,0,59.41,15,90,82.74285714,47.06
08-28-14,27.4,3,109.18,9,87,46.86285714,26.73
08-29-14,30.2,2,196,13,73,87,50.08
08-30-14,29.6,3,0,0,77,60.10496667,0
08-31-14,28,3.3,0,49,78,53.19966373,0
09-01-14,28.6,2.2,0,1,74,77.69941667,0
09-02-14,29.5,2,150.78,0,73,41.124,20.64
09-03-14,30,2,150.69,0,72,58.31714286,12.87
09-04-14,29.8,2,164.2,0,72,65.346,16.78
09-05-14,29.4,2,155.74,1,73,44.59666667,21.06
09-06-14,29.8,2,167.74,0,70,49.94,19.62
09-07-14,29.6,2.3,131.53,0,72,48.38293862,18.17
09-08-14,29.4,2,154.72,0,73,51.625,20.04
09-09-14,29.8,2,147.43,0,73,50,24.81
09-10-14,30.3,2,172.84,0,69,47.47,18.18
09-11-14,29.9,2,157.89,0,70,49.966,19.81
09-12-14,29.9,2,126.36,0,73,52.57434783,24.4
09-13-14,29.9,2,132.54,1,75,38.25652174,20.06
09-14-14,30.5,2,157.44,0,72,40.09,16.78
09-15-14,29.7,2.5,145.14,0,74,49.45882353,24.51
09-16-14,29.5,2,87.41,0,77,54.9,27
09-17-14,29.8,2,102.01,0,79,67.18470588,40.54
09-18-14,30.2,2,88.32,5,82,53.83466667,35.06
09-19-14,28.5,2,94.42,9,82,33.53647059,15.28
09-20-14,26.7,2,51.4,34,90,28.31846154,19.89
09-21-14,28.2,2.3,61.58,37,86,56.71823529,33.77
09-22-14,27.8,2.3,57.94,10,88,32.29461538,19.47
09-23-14,27.6,2,88.45,35,84,31.9475,29.4
09-24-14,27.1,2,90.5,0,87,37,35.35
09-25-14,28.5,2,130.86,18,77,54.58885,35.52
09-26-14,27.9,2,130.97,0,80,76.4475,39.8
09-27-14,29.6,3.7,188.65,4,74,52.78083333,45.11
09-28-14,29.8,2,181.15,0,71,66.57137681,56.11
09-29-14,28.6,0,138.29,0,77,77.61725,88.12
09-30-14,29.2,2,98.16,1,77,113.91,73.39
10-01-14,30.1,2,149.18,0,70,66.57137681,66.76
10-02-14,29.4,2,113.5,0,74,74.83279348,73.89
10-03-14,29.9,2,111.76,0,72,62.64654348,57.41
10-04-14,30,2,128.86,0,71,70.85812681,53.96
10-05-14,30.5,2,158.9,0,69,84.92875,46.49
10-06-14,30.3,2,158.92,0,69,72.75166667,44.36
10-07-14,29.3,2,133.49,2,68,62.52521739,36.29
10-08-14,29.1,0,99.31,0,76,63.64375,43.15
10-09-14,29.5,2,107.89,0,76,71.37375,50.43
10-10-14,29.5,2,150.27,0,72,62.71125,45.27
10-11-14,26.6,3,79.93,1,87,28.67217391,17.87
10-12-14,27.8,2,115.74,37,81,26.59208333,18.34
10-13-14,27.6,2.5,179.83,0,84,34.37,23.39
10-14-14,28,2,125.99,6,85,37.83076923,21.86
10-15-14,29.2,2,157.34,2,75,36.15708333,22.73
10-16-14,28.9,2,158.47,0,72,39.80625,26.39
10-17-14,27.5,2,176.76,0,68,61.61565217,36.06
10-18-14,26.4,2,136.19,0,66,66.58125,40.12
10-19-14,27.1,2.3,167.99,0,64,70.04047619,44.12
10-20-14,27,2,130.22,0,70,81.28083333,52.11
10-21-14,26.9,0,168.75,0,68,89.95217391,54.58
10-22-14,27.7,2,158.9,0,64,99.51565217,64.84
10-23-14,27.1,2,132.57,0,68,85.75208333,56.71
10-24-14,26.7,0,111.19,0,71,104.4078261,68.24
10-25-14,27.2,2,136.96,0,72,88.23565217,58.21
10-26-14,26.4,2,67.54,1,73,78.4775,54.59
10-27-14,24.5,0,55.03,0,71,75.74041667,48.26
10-28-14,23.4,0,49.64,0,81,104.34125,74.69
10-29-14,24.5,2,167.67,0,72,80.14833333,50.88
10-30-14,25.2,2,178.1,0,65,86.35583333,51.86
10-31-14,25.2,1,150.96,0,65,108.68,68.25
11-01-14,26.3,2,230.46,0,65,144.7975,94.79
11-02-14,25.9,2,181.81,0,68,90.78083333,50.82
11-03-14,26.7,2,152.37,0,68,104.9570833,83.21
11-04-14,26.8,0,153.71,0,70,105.60875,66.55
11-05-14,26.2,0,144.23,0,68,107.8858333,87.53
11-06-14,27.5,2,154.13,0,62,104.95375,65.99
11-07-14,28.3,0,141.65,0,61,101.2891667,53.23
11-08-14,29.2,2,98.83,0,66,75.0625,41.42
11-09-14,27.4,2,73.6,0,79,84.44833333,44.67
11-10-14,26.3,2,155.36,0,60,101.6741667,58.82
11-11-14,25.6,2,122.39,0,64,123.6491667,76.53
11-12-14,25.5,0,118.52,0,66,192.6379167,120.93
11-13-14,25.4,2,105.6,0,66,264.3795833,153.64
11-14-14,24,2,138.93,0,56,221.0629167,134.04
11-15-14,22.8,2,120.33,0,58,221.57375,143.63
11-16-14,23.1,2,117.37,0,64,208.3020833,132.1
11-17-14,23.6,0,97,0,71,229.2958333,143.1
11-18-14,24.4,2,122.83,0,69,196.8666667,122.9
11-19-14,24.5,1,95.74,0,67,167.3079167,111.69
11-20-14,24.5,2,105.57,0,62,168.1183333,108.27
11-21-14,23.6,2,115.8,0,65,197.6958333,134.28
11-22-14,22,2,120.36,0,64,247.99,169.96
11-23-14,21.8,3,105.38,0,68,321.07875,209.51
11-24-14,21.5,0,110.09,0,64,274.06125,176.54
11-25-14,21.5,2,117.11,0,66,219.14875,145.41
11-26-14,20.9,0,104.12,0,72,239.2104167,149.88
11-27-14,21.6,0,91.63,0,72,282.5604167,183.15
11-28-14,21.2,0,69.55,0,77,284.8045833,191.16
11-29-14,21.1,0,97.3,0,70,334.2516667,221.22
11-30-14,21.4,0,84.53,0,78,277.8370833,186.59
12-01-14,21.4,2,75.1,0,76,282.45625,193.02
12-02-14,21.7,0,105.41,0,73,195.5883333,130.44
12-03-14,21.7,0,86.15,0,74,212.1520833,133.35
12-04-14,22.1,0,92.49,0,77,247.4004348,158.16
12-05-14,22.3,0,95.57,0,75,184.1458333,118.04
12-06-14,23.4,2,119.63,0,67,176.95625,111.02
12-07-14,19.1,2,106.68,0,83,171.8666667,122.07
12-08-14,18.5,2,99.01,0,83,168.2454545,133.7
12-09-14,18.6,0,103.01,0,86,215.9916667,142.87
12-10-14,18.9,0,79.44,0,87,311.6475,202.38
12-11-14,17.5,2,65.04,0,85,252.5716667,182.04
12-12-14,16.4,2,72.54,0,84,220.1425,156.67
12-13-14,17.5,0,44.42,0,86,221.3652174,146.39
12-14-14,19.9,2,56.83,0,81,227.83875,145.26
12-15-14,19.9,0,56.61,0,81,229.49875,147.77
12-16-14,21.7,2.3,111.12,0,67,242.2083333,156.57
12-17-14,18.7,2.5,98.46,0,73,167.2645833,118.29
12-18-14,16.1,2,91.58,0,86,209.3404762,140.51
12-19-14,17.8,2,118.87,0,80,214.9483333,142.09
12-20-14,19.9,2,124.65,0,66,191.0208696,125.87
12-21-14,20,2,96.67,0,66,219.4343478,137.96
12-22-14,19.3,0,105.93,0,66,226.0091667,146.11
12-23-14,18.8,2,99.68,0,67,226.79,147.25
12-24-14,19.9,2,105,0,67,231.44125,147.51
12-25-14,19.4,2,115.69,0,71,205.2552174,142.52
12-26-14,14.1,2.3,47.03,0,89,211.8680952,154.48
12-27-14,14.8,2,67.9,0,86,222.5158333,162.25
12-28-14,15.9,1.5,84.37,0,86,283.0679167,203.91
12-29-14,15.6,2,88.54,0,87,370.6130435,262.95
12-30-14,18.2,0,88.81,0,80,326.5625,223.04
12-31-14,19.4,0,36.54,0,75,375.0708333,244.81
01-01-15,22.1,0,57.11,0,71,325.5478261,205.05
01-02-15,23.7,2,55.74,0,71,283.7505263,163.37
01-03-15,24.7,2,86.1,0,73,264.22875,158.19
01-04-15,22.6,3,87.47,1,78,130.97375,84.84
01-05-15,19.4,2.5,97.33,0,71,112.5683333,71.95
01-06-15,18.9,2.5,119.06,0,64,146.09875,92.97
01-07-15,17.2,2,101.13,0,69,214.5316667,148.84
01-08-15,17.6,2,101.99,0,69,255.3345833,175.22
01-09-15,17.5,2,96.71,0,78,294.4754167,191.48
01-10-15,17.6,2,124.39,0,72,241.2383333,275.4
01-11-15,15.6,1.8,120.09,0,77,239.0743478,206.12
01-12-15,17.1,2,125.21,0,72,238.1554167,160.5
01-13-15,18.7,2,116.11,0,73,240.5116667,168.97
01-14-15,20.3,2,108.1,0,69,254.52625,174.87
01-15-15,19.7,2,128.4,0,66,294.1254167,176.06
01-16-15,21.3,2,101.63,0,61,316.3375,197.54
01-17-15,18.2,2.3,82.2,2,78,196.8441667,139.81
01-18-15,14.1,2.7,52.92,0,87,176.0075,135.94
01-19-15,14.4,2.3,50.55,0,86,209.4058333,158.21
01-20-15,15.1,1.5,105.8,0,84,206.2195833,153.54
01-21-15,16.5,2,108.49,0,84,244.6954167,172.97
01-22-15,19.3,1.5,131.79,0,73,218.2966667,151.21
01-23-15,20.4,1.5,129.02,0,64,223.1140909,148.07
01-24-15,19.8,2,128.71,0,66,257.6795652,168.12
01-25-15,20.5,2,149.71,0,59,204.9773913,130.01
01-26-15,20.5,2,150.97,0,55,192.7641667,121.11
01-27-15,21,2.5,136.32,0,63,188.3891667,118.77
01-28-15,21.3,3,142.4,0,63,168.8141667,108.87
01-29-15,21.1,2.7,130.56,0,62,179.6116667,100.32
01-30-15,19.1,2,94.74,0,72,159.6741667,110.27
01-31-15,17.8,2,150.71,0,58,190.9779167,130.64
02-01-15,18.1,2.3,153.44,0,57,201.3329167,138.48
02-02-15,19.7,2,154.22,0,57,213.29375,136.02
02-03-15,20.9,0,154.69,0,56,210.1,126.75
02-04-15,21,2,149.32,0,63,191.5958333,110.49
02-05-15,22.3,2,124.77,0,57,292.2904167,176.68
02-06-15,20.2,2.7,129.23,0,55,211.6575,126.2
02-07-15,19.4,1.5,140.77,0,65,206.265,133.9
02-08-15,20.9,2,134.07,0,63,235.282381,144.45
02-09-15,21.8,3.5,128.72,0,62,250.4369565,164.13
02-10-15,21.3,2.5,126.27,0,63,225.3116667,128.6
02-11-15,20.2,2,128.17,0,58,225.42,121.09
02-12-15,20.1,2.5,156.15,0,52,248.1609091,130.05
02-13-15,20.3,2.5,137.43,0,59,313.9883333,174.78
02-14-15,21.9,2,134.57,0,56,269.28,154.45
02-15-15,21.5,2,97.86,4,65,192.9841667,126.25
02-16-15,21.8,2,144.08,0,59,199.49,123.31
02-17-15,22.4,2,133.71,0,59,262.8191667,152.45
02-18-15,23.4,2,123.56,0,67,248.3613043,143.71
02-19-15,20.5,2,88.75,2,75,121.7465217,58.4
02-20-15,23.1,2,133.32,11,74,162.2754167,100.37
02-21-15,24.6,2,131.29,0,68,184.67875,109.38
02-22-15,24.5,2,126.96,0,73,155.62625,91.09
02-23-15,25.8,2,143.06,0,67,159.3429167,91.29
02-24-15,26.1,2,154.5,0,61,160.3795833,81.39
02-25-15,25.9,0,107.36,0,75,145.0504167,75.96
02-26-15,26.7,2.3,149.44,0,67,131.3626087,75.89
02-27-15,26.4,2.3,147.01,0,71,102.1379167,51.67
02-28-15,25.9,2,149.21,0,69,100.3417391,52.67
03-01-15,27.5,0,128.62,0,67,232.1166667,131.2
03-02-15,26.4,6,137.55,0,59,198.48,114.18
03-03-15,24.8,2.5,166.83,0,59,161.6083333,84.02
03-04-15,22.3,2.5,80.32,0,77,151.2341667,100.2
03-05-15,22.5,4,184.32,4,56,115.7204167,68.01
03-06-15,21.5,2.5,189.16,0,52,145.4230435,73.43
03-07-15,22.3,2.5,179.5,0,54,156.49125,82.99
03-08-15,24.5,2,186.47,0,50,190.9708333,98.94
03-09-15,25.7,2,184.24,0,48,174.655,87.94
03-10-15,25.4,2,187.57,0,45,196.4691667,99.1
03-11-15,24.1,3,193.78,0,41,219.675,96.83
03-12-15,24.1,2,202.64,0,43,179.5895833,75.07
03-13-15,24.8,2.5,178.88,0,52,270.9945833,137.14
03-14-15,26.9,3,171.3,0,46,285.9341667,133.01
03-15-15,28.5,2.6,113.19,0,42,214.03,121.99
03-16-15,26.8,3,167.65,0,46,151.5641667,48.01
03-17-15,27.2,2,167.46,0,55,142.6208696,73.62
03-18-15,26.2,2,141.19,0,56,157.1933333,168.83
03-19-15,26.1,4,188.01,0,45,164.0417391,76.8
03-20-15,26.6,2,197.82,0,34,141.4533333,68.33
03-21-15,26.3,2,197.74,0,46,151.3608333,76.51
03-22-15,26.8,2,190.31,0,46,200.9758333,105.52
03-23-15,28.5,2,186.77,0,48,186.0729167,109.42
03-24-15,29.9,2,177.74,0,48,183.5041667,92.06
03-25-15,29.6,2.5,170.72,0,49,173.6333333,91.17
03-26-15,28,2,168.83,0,55,154.3108333,71.19
03-27-15,29.1,2,168.75,0,62,112.8595833,64.66
03-28-15,29.2,2,155.27,0,62,92.35,50.12
03-29-15,28.4,2,140.29,0,67,88.81086957,45.7
03-30-15,28.7,2,176.47,0,63,75.43083333,37.44
03-31-15,26.7,2,179.78,0,66,87.20956522,43.11
04-01-15,25.2,2.7,143.29,0,74,104.9283333,73.67
04-02-15,27.1,2,158.01,58,74,75.14869565,43.3
04-03-15,27.9,2,181.15,0,74,97.85695652,48.75
04-04-15,26.9,2.8,157.15,2,76,65.0175,30.61
04-05-15,24.9,2.3,110.18,30,75,78.09291667,40.52
04-06-15,25.9,0,142.28,21,71,68.05,41.7
04-07-15,25.8,2,138.55,0,75,89.08291667,50.66
04-08-15,26.8,2,181.21,17,67,74.88652174,47.07
04-09-15,29.1,2,203.19,0,62,78.2725,44.28
04-10-15,29.9,2.7,211.01,0,67,74.42708333,42.14
04-11-15,30.1,2,167.92,0,68,67.70636364,39.12
04-12-15,28.9,2,159.07,0,62,79.39875,41.47
04-13-15,28.2,2,175.85,0,66,91.85,45.82
04-14-15,29.2,2,136.16,0,62,146.516,79.59
04-15-15,30.8,2.5,191.86,1,49,100.6911111,56.82
04-16-15,30,2,145.78,0,57,137.0275,68.46
04-17-15,29.6,4,125.37,0,63,123.3566667,71.59
04-18-15,29.4,4.7,211.37,0,65,98.88375,47.92
04-19-15,26.3,2.7,175.2,15,74,57.88636364,27.94
04-20-15,29.4,2.7,177.45,0,70,60.88791667,20.81
04-21-15,30.1,3.3,162.29,0,69,46.43608696,13.98
04-22-15,27.8,2.3,149.91,0,71,78.49583333,25.92
04-23-15,27.4,2.7,185.59,6,69,67.37791667,27.34
04-24-15,27.4,3,137.22,2,69,72.92,28.16
04-25-15,23.8,5.5,82.98,0,83,63.92375,32.89
04-26-15,25.9,2,111.84,14,76,130.2458333,60.83
04-27-15,27.3,2,170.75,0,66,144.87,67.92
04-28-15,28,2.5,211.81,0,65,99.27142857,45.35
04-29-15,28.9,2,213.75,0,63,62.78625,30.68
04-30-15,28.4,3.5,156.13,0,69,71.68909091,36.41
05-01-15,29.1,2,198.27,0,63,86.58565217,43.79
05-02-15,28.9,2.7,143.14,0,70,79.0875,35.7
05-03-15,30.2,2,192.97,12,64,82.20333333,37.68
05-04-15,30.5,2,216.73,0,66,93.25375,43.58
05-05-15,31,2,223.58,0,67,94.8875,41.33
05-06-15,30.8,2.5,207.17,0,66,104.8813043,45.36
05-07-15,27.5,2.3,138.15,0,70,104.9995652,36.97
05-08-15,25.7,2.8,173.75,8,68,53.99590909,27.83
05-09-15,29.8,3.3,155.78,0,71,88.8073913,44.39
05-10-15,29.8,2.6,152.34,0,72,73.24666667,31.17
05-11-15,27,2,90.05,1,79,95.21791667,55.95
05-12-15,27.2,3,133.67,27,75,111.1691667,65.74
05-13-15,30.7,2,182.77,16,74,105.8775,60.16
05-14-15,31.7,2.5,193.6,0,72,61.39318182,27.99
05-15-15,28.3,2.8,128.34,0,81,44.84708333,22.62
05-16-15,29.3,2,176.68,46,73,61.14478261,35.47
05-17-15,29.3,3.5,180.49,1,69,58.17125,25.35
05-18-15,29.6,3.5,203.18,0,72,68.28521739,35.5
05-19-15,30.4,2.5,150.91,0,68,76.64166667,39.6
05-20-15,31.3,1.5,148.14,0,67,59.08041667,29.51
05-21-15,31,1.7,206.34,0,71,46.85130435,21.96
05-22-15,32.1,2,172.22,11,73,77.22333333,38.04
05-23-15,32,3.7,197.34,0,68,92.18375,36.21
05-24-15,28.4,2.5,146.54,12,70,62.60666667,26.5
05-25-15,30.6,4,159.06,0,70,82.28043478,37.52
05-26-15,29.9,3,154,0,71,73.69166667,32.57
05-27-15,29,2.4,151.51,38,79,65.19173913,32.85
05-28-15,29.1,2,146.62,4,76,73.27333333,32.7
05-29-15,29.7,2,153.94,1,78,60.94833333,35.79
05-30-15,29.5,2,127.78,8,78,82.90041667,38.75
05-31-15,31.5,2.5,176.13,0,71,75.2225,49.75
06-01-15,31.9,2.8,180.19,0,69,65.67541667,21.63
06-02-15,30.4,3,130.67,0,71,51.48875,20.79
06-03-15,31.8,2,182.19,20,68,44.75833333,16.61
06-04-15,32.3,3,219.16,0,65,48.84833333,17.55
06-05-15,31.7,2,201.49,0,68,41.73375,15.41
06-06-15,30.8,2.2,175.52,0,74,43.82333333,17.03
06-07-15,31.4,2.6,159.15,0,70,37.66791667,11.94
06-08-15,31.6,2.7,198.47,0,69,41.0975,13
06-09-15,31.5,3.5,150.14,0,70,50.37625,14.29
06-10-15,27.8,3,46.81,1,84,41.00583333,17.95
06-11-15,26,3,20.11,1,86,55.90173913,33.31
06-12-15,28.8,3,122.67,63,80,38.40761905,16.48
06-13-15,26.6,12,85.12,8,87,37.8575,20.61
06-14-15,28.2,2.7,123.59,38,80,57.21208333,30.45
06-15-15,28.4,2,133.78,5,83,39.24521739,17.82
06-16-15,28.4,2,150.09,8,80,36.65086957,14.76
06-17-15,29.3,2.7,136.68,20,78,38.04130435,13.22
06-18-15,29.3,2,113.02,0,76,47.71333333,18.76
06-19-15,31,2,187.29,1,69,44.9175,17.03
06-20-15,30.7,2.4,200.38,0,67,40.77647059,10.3
06-21-15,29.8,3,159.95,0,72,21.1975,13.24
06-22-15,27.6,3.2,68.97,3,87,27.62416667,12.95
06-23-15,28.1,2,93.41,19,85,34.892,19.62
06-24-15,28.2,2,67.69,3,86,45.03208333,19.59
06-25-15,27,2,55.33,9,91,23.52904762,14.19
06-26-15,26.7,2.7,59.72,83,92,21.66533333,13.3
06-27-15,26.5,2.2,46.07,67,89,34.09454545,23.05
06-28-15,27.5,2,85.59,26,84,53.11708333,24.29
06-29-15,29.3,2,179.62,0,74,61.47583333,27.22
06-30-15,29.5,2,157.55,0,74,45.90333333,18.38
07-01-15,29.4,2,157.22,0,75,53.10409091,21.33
07-02-15,29.2,2.5,7.05,4,76,39.30142857,20.3
07-03-15,29.7,2.3,157.2,0,76,40.97416667,19.94
07-04-15,30.7,2,173.93,0,75,57.94833333,26.59
07-05-15,28.9,2,105.81,5,83,76.70733333,44.85
07-06-15,30.7,2,163.24,1,75,80.62538462,44.45
07-07-15,29.8,2,112.81,0,78,59.99208333,27.78
07-08-15,28.4,2.5,110.82,29,83,24.41727273,13.06
07-09-15,26.6,2.5,34.78,36,90,22.55727273,14.22
07-10-15,27.1,3,47.34,40,90,47.19208333,27.4
07-11-15,30.3,2,147.88,38,77,70.16416667,33.5
07-12-15,30.2,3,141.02,0,76,56.33083333,25.65
07-13-15,31.5,2,150.32,0,75,63.76291667,29.39
07-14-15,31.1,2.5,132.7,0,77,68.56291667,33.66
07-15-15,27.2,0,13.2,13,90,56.63636364,24.28
07-16-15,28.2,0,105.08,63,84,39.648125,17.05
07-17-15,27.3,2,97.87,14,87,48.10765399,15.82
07-18-15,26.8,0,148.4,50,90,43.85542763,18.9
07-19-15,26.1,2,103.09,90,92,46.00857143,23.13
07-20-15,26.7,2,93.61,33,91,41.67121711,16.3
07-21-15,28,2,180.47,44,88,26.30804348,21.18
07-22-15,27.6,2,126.62,4,85,38.05212121,19.92
07-23-15,29,2.5,183.47,2,79,25.1075,13.59
07-24-15,27.3,2,57.76,12,91,28.09652174,17.61
07-25-15,26.9,2,136.26,72,87,20.00333333,10.72
07-26-15,27,3,136.85,1,76,16.83785714,5
07-27-15,26,3.5,50.48,27,86,19.94,8.51
07-28-15,28,2.7,153.28,19,79,17.07222222,10.31
07-29-15,31,2.8,165.94,13,67,38.00708333,16.21
07-30-15,30,4,143.21,0,66,27.71347826,8.64
07-31-15,25.2,4.5,34.85,13,93,17.83555556,12.89
08-01-15,26.6,2.6,125.37,74,88,21.511875,14.18
08-02-15,27.8,2.6,80,46,84,46.39583333,27.51
08-03-15,29,2,129.61,21,79,55.82043478,26.66
08-04-15,29.8,3,149.14,10,77,60.65791667,25.75
08-05-15,30.5,2,172.02,0,73,54.99347826,21.86
08-06-15,30.4,0,110.03,0,75,64.77541667,22.23
08-07-15,29.4,0,83.33,0,83,61.74833333,23.14
08-08-15,30.1,2,119.96,2,75,61.97708333,17.73
08-09-15,30.7,0,128.95,0,72,52.95041667,19.54
08-10-15,30.7,2,122.05,0,72,58.05875,16.08
08-11-15,30.6,2,158.03,0,73,51.33625,11.38
08-12-15,30.1,2,124.26,0,74,46.44,18.44
08-13-15,29.5,2,66.81,1,79,51.54,28.91
08-14-15,28.8,2,35.07,6,85,8.5,22.22
08-15-15,29.7,2.5,65.88,10,76,23.414,30.25
08-16-15,29.2,4,74.77,0,79,20.0545,31
08-17-15,29.4,4.3,126.83,23,79,52.01036364,24.66
08-18-15,28.9,5.7,136.46,4,84,44.99660714,26.01
08-19-15,28.7,2,108.46,7,85,46.79845833,21.42
08-20-15,27.1,2.5,153.75,38,90,64.89958333,32.04
08-21-15,27.4,1,149.92,88,89,65.94034161,38.6
08-22-15,29.2,2,110.34,8,82,68.8702381,22.76
08-23-15,28.9,2,124.02,0,82,33.87847826,14.82
08-24-15,29.7,2,144.65,7,79,36.14061265,13.54
08-25-15,30.1,2,113.9,0,77,38.38233333,19.41
08-26-15,29.9,3,76.46,0,74,41.303,24.61
08-27-15,29.5,2.3,59.41,0,73,41.37142857,47.06
08-28-15,29,6.5,109.18,2,79,23.43142857,26.73
08-29-15,29,2,196,7,81,43.5,50.08
08-30-15,29.1,2,0,3,84,47.49140595,0
08-31-15,28,2,0,38,89,33.32277564,0
09-01-15,27,2,0,25,89,23.964375,0
09-02-15,26.7,0,150.78,64,90,20.562,20.64
09-03-15,27.7,2.5,150.69,36,80,29.15857143,12.87
09-04-15,27.5,0,164.2,5,82,32.673,16.78
09-05-15,27.9,3,155.74,0,85,22.29833333,21.06
09-06-15,29.3,3,167.74,5,81,24.97,19.62
09-07-15,28.9,2.3,131.53,5,77,26.83379565,18.17
09-08-15,30,0,154.72,10,79,25.8125,20.04
09-09-15,30.5,0,147.43,0,79,25,24.81
09-10-15,29.9,0,172.84,2,81,31.235,18.18
09-11-15,29.3,0,157.89,4,81,24.983,19.81
09-12-15,30.6,0,126.36,9,70,26.28717391,24.4
09-13-15,29.5,2,132.54,0,83,19.12826087,20.06
09-14-15,30.1,2,157.44,24,70,66.545,16.78
09-15-15,30,2.5,145.14,0,70,24.72941176,24.51
09-16-15,30.4,2.3,87.41,0,72,68.9575,27
09-17-15,30.5,0,102.01,0,77,51.09235294,40.54
09-18-15,30.8,2,88.32,0,74,26.91733333,35.06
09-19-15,27.5,5,94.42,0,86,36.26823529,15.28
09-20-15,26.4,4,51.4,18,90,14.15923077,19.89
09-21-15,27.9,3.3,61.58,60,86,28.35911765,33.77
09-22-15,27.7,2,57.94,16,87,16.14730769,19.47
09-23-15,26.9,2,88.45,17,90,15.97375,29.4
09-24-15,28.3,2,90.5,46,85,18.5,35.35
09-25-15,29,2,130.86,0,72,49.18518116,35.52
09-26-15,29,0,130.97,0,67,38.22375,39.8
09-27-15,29.1,0,188.65,0,66,56.99533333,45.11
09-28-15,29.7,2,181.15,0,68,73.76741667,56.11
09-29-15,30.4,0,138.29,0,69,51.07599094,88.12
09-30-15,31.2,2,98.16,0,68,56.955,73.39
10-01-15,31,3,149.18,0,68,49.12808333,66.76
10-02-15,30.8,1.8,113.5,0,68,79.302875,73.89
10-03-15,28.9,0,111.76,0,79,32.84018245,57.41
10-04-15,30.1,3,128.86,2,70,39.843875,53.96
10-05-15,29.5,3,158.9,0,77,42.464375,46.49
10-06-15,29.4,0,158.92,10,76,36.37583333,44.36
10-07-15,29,2,133.49,0,76,31.2626087,36.29
10-08-15,26.2,2,99.31,9,87,31.821875,43.15
10-09-15,28.7,0,107.89,1,77,35.686875,50.43
10-10-15,28.2,3,150.27,0,74,31.355625,45.27
10-11-15,27.9,2,79.93,2,76,14.33608696,17.87
10-12-15,25.9,4,115.74,0,82,13.29604167,18.34
10-13-15,25.5,2,74.61,18,87,33.965,22.33
10-14-15,26.4,2.7,125.32,9,77,55.59181818,28.11
10-15-15,26.5,1.5,78.84,0,80,80.58791667,49.47
10-16-15,27.9,0,155.7,0,72,77.04913043,44.16
10-17-15,27.7,2,120.49,0,75,102.2995833,66.35
10-18-15,28.3,2,164.63,0,68,86.42666667,48.24
10-19-15,28.3,0,155.03,0,68,86.50625,43.49
10-20-15,27.9,3,134.22,0,71,100.8641667,57.08
10-21-15,27.6,2,80.02,0,75,143.8043478,87.25
10-22-15,27.8,0,83.96,0,75,181.358,108.32
10-23-15,27.4,2,113.83,0,76,42.87604167,100.54
10-24-15,26.8,2,139.53,0,70,52.20391304,90.13
10-25-15,26.3,2,148.23,0,64,44.11782609,94.43
10-26-15,26.6,2,140.41,0,63,141.4433333,88.18
10-27-15,26,0,133.92,0,64,141.8554167,87.28
10-28-15,25.9,0,98.94,0,68,114.0383333,66.55
10-29-15,26.3,2,112.84,0,68,97.56041667,56.29
10-30-15,27.2,2,89.03,0,68,80.97,47.57
10-31-15,25.8,2,25.69,0,73,57.93875,68.25
11-01-15,24.8,2,78.69,0,77,49.92375,94.79
11-02-15,25.8,3,106.51,0,73,44.88727273,18.15
11-03-15,26.4,2,101.77,0,74,78.77521739,40.48
11-04-15,26.8,2,121.39,0,70,114.3520833,66.55
11-05-15,26.1,2,88.1,0,75,102.35625,62.43
11-06-15,26.3,0,121.42,0,70,157.9695652,97.74
11-07-15,25.2,0,119.28,0,72,149.3833333,92.61
11-08-15,25.2,3,133.21,0,61,139.4779167,82.05
11-09-15,24.3,2,109.24,0,64,155.0616667,90.87
11-10-15,24.8,2,132.52,0,66,138.7269565,80.84
11-11-15,24.8,2,122.6,0,66,159.563913,95.33
11-12-15,24.8,0,118.64,0,68,153.3429167,85.17
11-13-15,24.3,3,125.96,0,67,137.1283333,73.8
11-14-15,24.9,3,119.78,0,67,246.215,131.92
11-15-15,24.5,0,64.96,0,73,110.786875,143.63
11-16-15,24.9,0,87.2,0,74,104.1510417,132.1
11-17-15,24.7,0,55.53,0,77,114.6479167,143.1
11-18-15,24.3,0,53.46,0,80,149.9333333,122.9
11-19-15,23.7,2,116.52,0,77,83.65395833,111.69
11-20-15,24.3,3,147.86,0,67,84.05916667,108.27
11-21-15,24.4,2,149.22,0,63,162.3479167,134.28
11-22-15,24.1,0,139.67,0,64,232.495,169.96
11-23-15,23.4,3,139.13,0,66,160.539375,209.51
11-24-15,23.3,2,125.24,0,64,181.02625,86.33
11-25-15,22.9,0,91.93,0,67,192.5786364,105.58
11-26-15,22.5,2,93.62,0,69,142.6166667,82.99
11-27-15,22.2,0,78.15,0,71,202.8995833,119.13
11-28-15,22.9,0,105.37,0,73,199.14375,138.19
11-29-15,23.3,0,6.7,0,69,170.416,121.14
11-30-15,24,2,84.53,0,66,138.9185417,186.59
12-01-15,24.6,2,75.1,0,68,141.228125,193.02
12-02-15,24.1,0,14.34,0,73,175.35,115.92
12-03-15,24.4,2,71.1,0,72,165.5730435,120.74
12-04-15,22.8,0,109.6,0,80,133.5533333,83.45
12-05-15,22.6,2.5,78.63,0,68,225.3713043,148.29
12-06-15,23,2,41.78,0,70,281.88375,185.36
12-07-15,22.1,0,63.56,0,76,241.24375,164.64
12-08-15,21.7,0,100.61,0,78,182.8243478,114.78
12-09-15,22,0,94.04,0,67,241.91125,156.3
12-10-15,21.9,2,64.99,0,70,244.81875,171.54
12-11-15,22.2,2,70.66,0,80,196.2604167,156.09
12-12-15,23.8,2,77.26,0,79,202.6745833,156.67
12-13-15,23.1,2.5,57.42,0,75,262.2158333,146.39
12-14-15,20.8,2,81.42,0,77,250.7591304,186.1
12-15-15,19.6,2.5,101.75,0,63,218.8204167,155.71
12-16-15,18.6,2,96.57,0,55,275.0542857,205.23
12-17-15,18.2,0,91.68,0,61,289.1561538,225.2
12-18-15,17.5,2,100.59,0,75,267.4547368,200.37
12-19-15,17.9,2,99.29,1,71,291.0845833,222.53
12-20-15,17.4,2,101.36,0,67,277.51875,201.51
12-21-15,17.5,2,117.26,0,67,220.2522727,153.45
12-22-15,18.4,0,108.05,0,64,233.14375,163.26
12-23-15,18.3,0,104.89,0,61,213.2545833,148.86
12-24-15,19.1,3,93.06,0,59,204.5565217,136.11
12-25-15,18.3,2.3,62.85,0,55,181.596087,126.48
12-26-15,18.4,2.3,116.63,0,55,203.5943478,149.65
12-27-15,18.8,2,109.97,0,59,210.0579167,150.05
12-28-15,18.7,2,99.37,0,64,230.6020833,164.65
12-29-15,19.1,0,86.85,0,69,276.3495833,204.08
12-30-15,19.2,0,80.85,0,74,344.3958333,242.94
12-31-15,19.7,0,90.48,0,73,250.58,178.52
01-01-16,19.8,2,90.91,0,73,330.3225,244.79
01-02-16,20.1,5,110.41,0,70,232.8916667,170.49
01-03-16,19.7,2,95.8,0,70,229.3754167,165.93
01-04-16,20.8,2,101.21,0,64,214.7691667,155.36
01-05-16,20.3,2,94.58,0,63,216.76125,157.51
01-06-16,20.1,2,91.96,0,64,229.2595833,166.99
01-07-16,19.9,2,99.2,0,68,194.19,137.14
01-08-16,20.4,2,74.61,0,71,304.2508333,184.86
01-09-16,20.5,2,94.5,0,85,213.0954167,163.51
01-10-16,19.3,2,82.66,0,78,301.9925,235.18
01-11-16,19.1,2,114.49,0,56,202.3736364,113.04
01-12-16,18.6,5,105.4,0,64,197.4742857,131.83
01-13-16,18.5,2,84.79,0,71,240.5116667,164.56
01-14-16,19,0,94.77,0,70,254.52625,150.92
01-15-16,19.1,2,96.4,0,70,294.1254167,250.48
01-16-16,19.7,2,102.78,0,66,316.3375,175.62
01-17-16,19.5,2,118.77,0,59,196.8441667,168.15
01-18-16,19.8,2,109.7,0,61,176.0075,162.64
01-19-16,20,2,81.62,0,70,209.4058333,167.32
01-20-16,18.3,2.3,61.96,0,78,206.2195833,122.16
01-21-16,18.2,2.7,73.57,3,78,244.6954167,109.16
01-22-16,16.2,5.8,96.12,0,78,218.2966667,145.95
01-23-16,16.1,5,88.1,0,74,223.1140909,146.8
01-24-16,16.1,2,130.61,0,68,257.6795652,164.02
01-25-16,16.1,2,150.37,0,62,204.9773913,155.11
01-26-16,15.6,2,124.75,0,65,192.7641667,166.46
01-27-16,18.4,0,110.27,0,58,188.3891667,177.47
01-28-16,19.2,2,96.45,0,64,168.8141667,171.94
01-29-16,19.2,2,96.69,0,66,179.6116667,179.71
01-30-16,18.9,3,94.62,0,69,159.6741667,182.57
01-31-16,20.8,2,85.79,0,82,190.9779167,215.24
02-01-16,21.3,2,113.1,0,76,201.3329167,111.51
02-02-16,21.4,3,115.63,0,74,213.29375,132.3
02-03-16,22.1,2.5,103.7,0,60,210.1,161.26
02-04-16,21.1,2.3,117.83,0,49,191.5958333,115.97
02-05-16,19.9,5,134.59,0,54,292.2904167,143.09
02-06-16,19.9,2,131.2,0,56,211.6575,174.54
02-07-16,21.2,0,114.71,0,60,206.265,207.37
02-08-16,22.4,2,104.04,0,62,235.282381,203.15
02-09-16,23.4,2,94.62,1,71,250.4369565,118.68
02-10-16,22,2,98.89,0,72,225.3116667,129.8
02-11-16,23.1,2,107.83,0,74,225.42,128.78
02-12-16,23.9,2,90.12,4,77,248.1609091,84.33
02-13-16,22.8,2,138.79,0,62,313.9883333,96.12
02-14-16,23.7,0,87.41,0,66,269.28,138.96
02-15-16,24.9,2,107.39,0,71,192.9841667,171.89
02-16-16,24.9,2,105.16,0,64,199.49,182.21
02-17-16,24.7,2,115.32,0,60,262.8191667,165.5
02-18-16,26.2,2.3,132.32,0,53,248.3613043,173.73
02-19-16,27.3,3,147.72,0,59,121.7465217,87.08
02-20-16,28,2.3,138.25,0,64,162.2754167,86.86
02-21-16,28,2,126.42,0,66,184.67875,69.46
02-22-16,25.9,3,143.52,0,50,155.62625,74.65
02-23-16,26.2,2.3,118.83,0,63,159.3429167,87.45
02-24-16,23.5,4.3,63.52,0,78,160.3795833,82.64
02-25-16,24.9,2,147.93,8,66,145.0504167,52.58
02-26-16,26.2,2,134.95,0,57,131.3626087,73.41
02-27-16,25.9,2,128.66,0,60,102.1379167,102.4
02-28-16,25.9,0,101.33,0,60,100.3417391,104
02-29-16,26.2,2,125.05,0,56,232.1166667,127.97
01-03-16,25.6,2,95.4,0,60,198.48,121.28
02-03-16,25.8,2,118.41,0,59,161.6083333,76.97
03-03-16,27.4,3,126.87,0,57,151.2341667,83.37
04-03-16,27.3,2,152.67,0,63,115.7204167,55.92
05-03-16,27.3,2,118.94,0,68,145.4230435,65.3
06-03-16,26.3,2,92.77,0,65,156.49125,84.68
07-03-16,26.1,5,156.5,17,62,190.9708333,100.56
08-03-16,27.3,2,136.12,0,53,174.655,79.29
09-03-16,28.8,2,148.29,0,58,196.4691667,82.8
10-03-16,29,2,131.58,0,60,219.675,69.66
11-03-16,28.9,2.8,141.15,0,60,179.5895833,71.11
12-03-16,29,2.5,117.4,0,55,270.9945833,94.59
13-03-16,26.9,4,95,0,55,285.9341667,99.67
14-03-16,26.2,2,110.28,0,50,214.03,99.83
15-03-16,27.8,0,149.44,0,50,151.5641667,71.62
16-03-16,27.4,3,134.32,0,55,142.6208696,111.17
17-03-16,26.7,2,173.67,2,41,157.1933333,117.16
18-03-16,27.8,2,166.78,0,48,164.0417391,76.8
19-03-16,26.2,2,77.12,19,71,141.4533333,55.23
20-03-16,27.2,2.5,65.94,0,76,151.3608333,82.42
21-03-16,28.8,4,135.46,0,66,200.9758333,99.49
22-03-16,29.4,2.8,168.03,0,55,186.0729167,101.81
23-03-16,28.5,3,169.33,0,40,183.5041667,80.15
24-03-16,27.7,3,140.72,0,49,173.6333333,64.78
25-03-16,28.4,5,155.04,0,50,154.3108333,68.41
26-03-16,29.7,3,134.42,0,52,112.8595833,61.91
27-03-16,28.9,2,126.66,0,67,92.35,47.82
28-03-16,24.5,2,45.07,0,80,88.81086957,40.13
29-03-16,25.9,3,106.67,1,71,75.43083333,31.24
30-03-16,27,2,31.44,13,71,87.20956522,37.24
31-03-16,23.5,2,153.64,3,80,104.9283333,51.01
01-04-16,22.3,2,93.57,28,78,75.14869565,36.88
02-04-16,25,0,57.97,0,84,97.85695652,37.91
03-04-16,27.4,2,80.49,2,84,65.0175,31.22
04-04-16,28.9,5,100.69,9,82,78.09291667,37.66
05-04-16,28.6,3,51.22,16,83,68.05,53.3
06-04-16,30.2,3.8,164.37,0,78,89.08291667,43.9
07-04-16,30.2,2.8,186.09,0,76,74.88652174,44.67
08-04-16,30.6,3,184.08,0,74,78.2725,43.92
09-04-16,30.4,2,69.46,0,75,74.42708333,46.91
10-04-16,30.9,3,198.05,0,71,67.70636364,31.97
11-04-16,31,2.5,184.59,0,76,79.39875,40.67
12-04-16,31.5,2.5,143.58,0,70,117.3963636,47.02
13-04-16,31.3,2.8,159.82,0,66,157.8899565,46.49
14-04-16,31.1,2.2,191.86,0,68,103.7897222,43.21
15-04-16,30.9,2.5,136.33,0,72,101.4216667,37.98
16-04-16,30.9,2.3,127.97,0,71,123.2915942,33.9
17-04-16,30.9,3.3,145.05,0,75,90.60229167,30.71
18-04-16,30.4,3,90.49,0,71,61.56296443,30.41
19-04-16,31.3,3.4,80.88,0,69,63.68577652,25.79
20-04-16,30.8,4.7,168.87,0,68,58.29216113,38.68
21-04-16,30.9,4.4,109.33,0,70,70.220625,31.88
22-04-16,31.4,3.8,170.68,0,69,72.7753869,39.52
23-04-16,31.7,4,172.8,0,68,66.48547619,39.23
24-04-16,32.5,2.3,147.6,0,64,74.87658088,36.51
25-04-16,31.9,2.8,213.69,0,68,108.6781341,38.37
26-04-16,31.8,2.7,176.51,0,66,120.7491304,31.42
27-04-16,31.4,2.5,162.51,0,71,95.90571429,29.33
28-04-16,31.6,2.6,183.75,0,69,75.76958333,33.42
29-04-16,32.1,2.3,182.97,0,69,72.20343434,44.29
30-04-16,32.1,2.4,182.25,0,67,79.02146245,32.53
01-05-16,29.5,3,173.36,0,68,79.0875,36.54
02-05-16,26.4,4.3,131.38,10,69,85.39616667,42.1
03-05-16,28.7,2.3,113.26,0,71,90.904125,59.21
04-05-16,28.5,4.7,168.26,0,64,86.65961957,37.85
05-05-16,28.7,2,161.95,0,67,88.93836051,71.45
06-05-16,28.3,3,135.62,0,66,86.07097308,59.75
07-05-16,26.3,5,83.42,0,78,57.05425889,58.62
08-05-16,28.8,3,188.35,11,66,80.28528656,46.37
09-05-16,29.2,0,168.65,0,72,91.59916667,51.65
10-05-16,30.7,2,113.99,2,65,76.86470833,85.34
11-05-16,31.2,2,172.52,0,63,100.8854167,61.38
12-05-16,28.4,4,159.82,0,72,100.9241667,62.69
13-05-16,25.2,2.3,98.44,17,83,67.62454545,49.12
14-05-16,28.8,3.5,186.66,29,78,53.46377976,48.2
15-05-16,30.5,2.5,73.88,2,74,65.37024845,34.65
16-05-16,31.3,3.7,6.71,0,71,70.18479167,14.32
17-05-16,31.2,4.3,173.22,0,71,59.3066996,18.49
18-05-16,28.7,2,136.34,0,77,77.04604167,29.62
19-05-16,27.3,5.5,120.86,22,80,65.58576389,22.54
20-05-16,25.8,2,60.26,1,89,67.41509662,24.31
21-05-16,24.7,8,51.64,21,90,77.48144928,12.71
22-05-16,29,0,152.13,52,78,86.16083333,48.39
23-05-16,30.6,2.5,195.66,0,73,70.15395833,39.21
24-05-16,27.8,0,134.05,0,83,74.19542572,40.52
25-05-16,27,2.5,185.79,5,81,73.69865942,46.72
26-05-16,28.6,3.5,208.69,19,75,69.58378623,46.28
27-05-16,28.7,2,161.13,3,75,73.27333333,50.45
28-05-16,26.6,2,81.79,4,85,68.62488095,46.71
29-05-16,28.5,0,148.74,14,78,56.92270833,60.3
30-05-16,30.1,3,6.64,0,68,75.2225,71.23
31-05-16,28.6,2,110.53,0,79,65.67541667,25.91
01-06-16,29.5,2,122.66,3,75,51.48875,57.25
02-06-16,31.3,2,225.11,0,65,44.75833333,49.69
03-06-16,31.5,3,167.3,0,68,56.82604167,32
04-06-16,31.5,3,177.68,0,69,55.41404891,35.57
05-06-16,30.1,2,112.91,0,73,64.55316667,37.04
06-06-16,29.3,2.5,133.39,0,81,37.66791667,28.75
07-06-16,27.3,2,162.95,46,87,41.0975,28.22
08-06-16,29.7,2.5,115.91,20,76,50.37625,42.52
09-06-16,28.5,2,109.68,0,82,41.00583333,24.99
10-06-16,30.9,2.5,59.93,27,71,55.90173913,26.78
11-06-16,27.2,0,33.44,0,84,38.40761905,35.65
12-06-16,26.5,2,69.28,75,86,37.8575,33.98
13-06-16,27.7,2,112.72,12,81,57.21208333,34.84
14-06-16,28.6,2,105.33,0,84,39.24521739,39.05
15-06-16,29.6,0,84.34,3,81,36.65086957,40.78
16-06-16,30.5,3,161.78,12,74,38.04130435,30.64
17-06-16,29.9,2,158.13,0,76,47.71333333,25.29
18-06-16,29.3,3.3,156.5,4,77,44.9175,22.93
19-06-16,30.2,3.5,208.98,2,75,40.77647059,17.79
20-06-16,30.7,2,221.86,0,71,34.61617771,12.93
21-06-16,30.1,2,185.99,0,76,42.81525606,12.88
22-06-16,29.9,2,127.47,2,77,34.892,14.3
23-06-16,30,2,100.23,1,79,45.03208333,12.71
24-06-16,30.9,3,178.49,0,72,23.52904762,14.19
25-06-16,31.5,2,209.27,0,69,21.66533333,13.3
26-06-16,31,2,141.6,3,74,34.09454545,34.84
27-06-16,31.2,2,197.02,2,69,53.11708333,17.85
28-06-16,31.4,2.5,142.13,0,69,61.47583333,19.83
29-06-16,31.3,2,131.61,0,72,45.90333333,24.51
30-06-16,30.9,2,175.4,0,74,53.10409091,13.8
01-07-16,30,2.5,123.89,2,78,39.30142857,24.8
02-07-16,29,2.3,112.94,5,85,40.97416667,20.3
03-07-16,28.1,3,71,36,90,57.94833333,20.36
04-07-16,28,2,89.09,58,88,76.70733333,10.91
05-07-16,27,2,42.96,14,92,80.62538462,9.21
06-07-16,27.3,0,47.38,51,91,59.99208333,17.58
07-07-16,30.2,2.5,185.3,30,79,24.41727273,18.69
08-07-16,30.5,3,175.47,0,74,22.55727273,9.45
09-07-16,29.8,2.8,164.32,0,78,47.19208333,12.88
10-07-16,29.4,2.6,120.01,0,78,70.16416667,17.22
11-07-16,30,2.2,167.32,1,75,56.33083333,16.57
12-07-16,29.9,3.3,154.74,10,77,63.76291667,12.77
13-07-16,29.6,2,116.42,0,84,68.56291667,19.07
14-07-16,30.3,2,186.43,21,77,56.63636364,15.73
15-07-16,29,2,108.74,0,83,44.1625,18.63
16-07-16,27,2.5,41.6,22,91,44.1973913,12.47
17-07-16,28.4,2.8,121.03,9,84,42.97210526,16.42
18-07-16,28,2,61.67,13,89,40.32714286,24.1
19-07-16,28.1,2,56.3,8,88,36.65875,20.94
20-07-16,29.2,2.3,99.03,1,85,52.61608696,23.87
21-07-16,28.9,2,81.28,1,83,30.63090909,13.82
22-07-16,27.5,2,85.37,3,87,27.40965909,10.67
23-07-16,27.8,2.5,82.63,35,86,25.74230849,10.75
24-07-16,28.7,2.3,150.15,11,81,24.55041667,9.5
25-07-16,27.9,2.5,112.17,3,82,35.56503968,8.25
26-07-16,27.8,3,118.58,16,80,44.04804348,12.16
27-07-16,29.6,2.5,183.38,1,76,37.05111111,14.09
28-07-16,29.7,2,138.78,0,78,38.00708333,19.86
29-07-16,29,0,66.93,0,85,44.86298913,40.02
30-07-16,28.9,2,86.35,0,83,39.59618687,39.68
31-07-16,29.7,0,199.59,54,76,34.65506793,22.73
01-08-16,29.5,2.7,75.07,1,79,49.32541667,31.34
02-08-16,29.7,3,116.52,10,76,63.76098662,34.84
03-08-16,30.7,2.3,149.14,4,70,60.65791667,25.75
04-08-16,31.1,3,172.02,0,68,54.99347826,21.86
05-08-16,29.8,3.3,99.35,0,74,53.95979167,23.06
06-08-16,29,2.5,116.77,1,77,50.79734848,19.87
07-08-16,29.2,2.7,142.27,0,79,56.156875,18.67
08-08-16,29.5,2,133.07,0,77,47.94458333,19.95
09-08-16,27.9,2.4,116.83,1,81,51.70666667,18.3
10-08-16,26.9,4,93.46,5,90,53.181875,21.55
11-08-16,28.6,2,76.01,21,84,41.65586957,20.92
12-08-16,30.3,2,73.64,3,77,43.43,24.71
13-08-16,29.6,0,51.06,0,82,43.7178027,29.58
14-08-16,29.8,0,78.69,11,83,42.01243116,31.49
15-08-16,30.6,2,72.11,2,76,42.71393333,31.58
16-08-16,29.5,2.3,104.7,1,79,66.18272727,32.47
17-08-16,29.2,3.5,93.29,26,75,56.61571429,25.14
18-08-16,29.8,2,122.14,0,77,54.16291667,22.81
19-08-16,30.7,2.5,132.1,12,73,62.80666667,31.51
20-08-16,30.6,2.5,112.73,0,78,70.28782609,36.64
21-08-16,26.8,4.3,118.97,2,87,91.40714286,34.28
22-08-16,28.6,2.5,112.13,17,73,42.02695652,21.26
23-08-16,29.4,0,121.33,0,76,43.98304348,17.51
24-08-16,31.1,2,93.58,0,74,43.65133333,20.94
25-08-16,31,0,73.21,0,76,23,25.27
26-08-16,29.7,1,140.6,33,81,60.34988225,47.06
27-08-16,30.8,2,112.33,0,75,47.01702391,22.17
28-08-16,28.3,2,173.05,11,86,50.3394529,39.21
29-08-16,30.1,0,186.87,10,77,52.01333319,10.24
30-08-16,31.2,2,0,0,73,57.07451667,0
31-08-16,30,2,130.27,0,77,55.98057839,7.66
01-09-16,29.1,2,127.79,0,83,50.79081703,16.62
02-09-16,29.7,2,150.69,2,83,50.79081703,12.87
03-09-16,29.1,0,164.2,1,83,50.11770339,16.78
04-09-16,29.3,2,155.74,5,81,44.449475,21.06
05-09-16,28.3,3,167.74,11,85,41.324125,19.62
06-09-16,28.8,2.3,131.53,4,84,41.13311051,18.17
07-09-16,29.2,2,154.72,5,80,38.77939167,20.04
08-09-16,29.8,3,147.43,0,77,69.72874638,24.81
09-09-16,30.4,2.3,114.41,0,72,15,23.16
10-09-16,30.2,2,92.48,0,75,50.21868333,32.77
11-09-16,28.9,2,126.92,0,81,54.60341469,37.89
12-09-16,28.4,0,108.2,3,87,62.72676372,26.42
13-09-16,26.7,0,134.95,26,94,93,26.44
14-09-16,28.6,2.3,123.64,12,83,64.78675,35.42
15-09-16,30,2,119.63,0,77,83.015,45.53
16-09-16,30.2,0,89.79,0,76,35,39.06
17-09-16,29.6,2,132.76,0,79,59.2385,30.95
18-09-16,29.6,2,76.13,12,80,39,17.34
19-09-16,27.9,0,63.49,0,89,47.12289432,26.94
20-09-16,27.7,2,97.93,2,88,49.63629348,33.45
21-09-16,28.3,0,120.53,0,90,58.6406514,20.47
22-09-16,28.1,2,123.03,4,85,55.99804348,28.39
23-09-16,29.4,2,101.52,0,76,59.75590415,34.18
24-09-16,27.8,2,99.55,0,88,57.84027148,45.22
25-09-16,29.7,2,106.69,27,77,64.74746897,52.8
26-09-16,27.7,2,126.97,1,88,56.14929529,56.91
27-09-16,30.1,0,141.16,20,79,55.46303066,45.17
28-09-16,28.3,0,94.34,0,88,58.33934705,51.61
29-09-16,29.7,2,52.23,1,80,55.3118027,43.74
30-09-16,30.2,2,149.18,2,76,67.13947619,66.76
01-10-16,29.2,2,114.39,0,81,54.18771212,52.98
02-10-16,29.2,2,121.2,0,83,56.32508514,43.71
03-10-16,30.1,2,118.53,0,78,64.70153188,47.29
04-10-16,31.1,2,145.47,0,73,70.44000833,45.67
05-10-16,28.9,0,116.46,0,78,61.42124704,49.44
06-10-16,27.6,2,109.42,0,90,59.74266848,28.83
07-10-16,28.3,2,99.47,5,85,58.75062681,31.94
08-10-16,28.9,2,82.45,0,82,56.50909058,37.31
09-10-16,28.8,2,153.36,0,81,60.50587681,38.92
10-10-16,28.9,2,107.41,0,78,25.47187269,22.34
11-10-16,26.7,2.3,297.15,0,83,30.31178936,25.2
12-10-16,27.2,2,74.61,1,84,33.965,22.33
13-10-16,27.8,2,125.32,3,81,55.59181818,28.11
14-10-16,28.6,2.3,93.65,3,69,80.58791667,69.86
15-10-16,29.1,2,144,0,65,77.04913043,68.04
16-10-16,29.7,4,133.84,0,61,102.2995833,77.26
17-10-16,30.2,2,144.27,0,69,86.42666667,55.17
18-10-16,29.5,0,113.8,0,73,86.50625,32.97
19-10-16,30.4,2,73.22,0,69,100.8641667,41.18
20-10-16,29.9,2,46.05,0,61,143.8043478,51.71
21-10-16,29.4,2,105.11,0,61,181.358,64.96
22-10-16,28.5,2,131.1,0,63,133.0234261,70.03
23-10-16,28.4,5,133.65,0,57,127.6618283,71.17
24-10-16,28.1,2,112.3,0,64,128.5427594,87.27
25-10-16,28.8,2,146.61,0,66,141.4433333,82.07
26-10-16,28.9,2,142.11,0,65,141.8554167,86.77
27-10-16,25.8,2,58.05,0,87,114.0383333,91.64
28-10-16,26.6,2,119.02,46,86,97.56041667,62.07
29-10-16,26.9,2,61.31,7,82,80.97,54.59
30-10-16,27.5,0,84.39,10,81,57.93875,55.33
31-10-16,28.2,2,109.04,1,82,49.92375,74.07
01-11-16,29.1,2,127.79,0,74,44.88727273,39.66
02-11-16,29.5,2,131.31,0,70,78.77521739,51.28
03-11-16,29.1,0,156.23,0,70,114.3520833,58.89
04-11-16,25.1,0,149.1,1,88,102.35625,54.5
05-11-16,22.5,2.5,137.67,3,93,157.9695652,77.34
06-11-16,22.8,3,165.94,21,87,149.3833333,73.61
07-11-16,23.7,2,163.01,0,83,139.4779167,67.46
08-11-16,24.5,0,102.5,0,79,155.0616667,91.82
09-11-16,24.8,0,139.2,0,75,138.7269565,76.85
10-11-16,24.5,2,130.23,0,73,159.563913,78.5
11-11-16,24.1,0,131.11,0,73,153.3429167,72.6
12-11-16,24.2,2,148.51,0,74,137.1283333,63.15
13-11-16,24.9,0,119.78,0,74,246.215,131.92
14-11-16,24.6,2,64.96,0,63,183.0016486,143.63
15-11-16,24.6,3,87.2,0,61,212.9717717,132.1
16-11-16,24.9,2,55.53,0,63,207.0345942,143.1
17-11-16,24.1,2,53.46,0,59,103,122.9
18-11-16,23.3,2,116.52,0,68,166.5198468,111.69
19-11-16,23,2,147.86,0,69,180.0858468,108.27
20-11-16,23,0,149.22,0,73,127,134.28
21-11-16,23,0,139.67,0,69,217,169.96
22-11-16,22.6,2,139.13,0,70,265.6224712,209.51
23-11-16,22.8,2,125.24,0,73,181.02625,86.33
24-11-16,23,2,91.93,0,72,192.5786364,105.58
25-11-16,22.8,2,93.62,0,71,142.6166667,82.99
26-11-16,22.6,2,78.15,0,74,202.8995833,119.13
27-11-16,22.4,0,105.37,0,72,199.14375,138.19
28-11-16,23.1,0,6.7,0,72,170.416,121.14
29-11-16,23.1,2,84.53,0,74,249.6729167,186.59
30-11-16,22.9,2,75.1,0,74,249.6729167,193.02
01-12-16,23.3,2,14.34,0,76,175.35,115.92
02-12-16,23.5,2,71.1,0,75,165.5730435,120.74
03-12-16,23.8,2,109.6,0,67,133.5533333,83.45
04-12-16,24.1,2,78.63,0,66,225.3713043,148.29
05-12-16,22.8,2,41.78,0,76,281.88375,185.36
06-12-16,22.8,2,63.56,0,71,241.24375,164.64
07-12-16,22.1,2,100.61,0,70,182.8243478,114.78
08-12-16,22,2,94.04,0,65,241.91125,156.3
09-12-16,21.8,2,64.99,0,71,244.81875,171.54
10-12-16,21.3,2,70.66,0,70,196.2604167,156.09
11-12-16,21.7,2,77.26,0,65,202.6745833,156.67
12-12-16,21.5,2,57.42,0,62,262.2158333,146.39
13-12-16,20.3,2,81.42,0,69,250.7591304,186.1
14-12-16,19.8,2,101.75,0,74,218.8204167,155.71
15-12-16,20.3,2,96.57,0,73,275.0542857,205.23
16-12-16,20.1,0,91.68,0,73,289.1561538,225.2
17-12-16,21,2,100.59,0,72,267.4547368,200.37
18-12-16,21.5,2,99.29,0,71,291.0845833,222.53
19-12-16,21.3,2,101.36,0,75,277.51875,201.51
20-12-16,21.3,2,117.26,0,66,220.2522727,153.45
21-12-16,20.9,2,108.05,0,63,233.14375,163.26
22-12-16,21.4,0,104.89,0,75,213.2545833,148.86
23-12-16,21.8,2,93.06,0,76,204.5565217,136.11
24-12-16,21.8,0,62.85,0,76,181.596087,126.48
25-12-16,22.3,0,116.63,0,78,203.5943478,149.65
26-12-16,22.6,2,109.97,0,78,210.0579167,150.05
27-12-16,21.5,2,99.37,0,72,230.6020833,164.65
28-12-16,20.1,2,86.85,0,81,276.3495833,204.08
29-12-16,20.7,2,80.85,0,80,344.3958333,242.94
30-12-16,20,0,90.48,0,75,250.58,178.52
31-12-16,19.7,0,0,0,80,245.6543007,0
01-01-17,20.6,0,90.91,0,78,330.3225,244.79
02-01-17,21,2,110.41,0,72,232.8916667,170.49
03-01-17,21.6,2,85.77,0,67,229.3754167,112.42
04-01-17,20.7,2.5,93.94,0,66,214.7691667,127.34
05-01-17,18.7,2.3,74.2,0,83,216.76125,188.04
06-01-17,18,2,21.64,0,81,229.2595833,168.13
07-01-17,18.9,2,100.63,0,73,194.19,137.14
08-01-17,19.7,2,100.99,0,66,304.2508333,184.86
09-01-17,20.2,2,99.18,0,63,213.0954167,163.51
10-01-17,19.8,3,77.91,0,59,301.9925,90.66
11-01-17,19.4,2,83.34,0,67,202.3736364,139.17
12-01-17,19.3,2.7,99.48,0,47,197.4742857,112.16
13-01-17,17.4,2.5,103.36,0,41,240.5116667,105.63
14-01-17,17.2,2,37.71,0,43,254.52625,115.27
15-01-17,18.6,2,99.94,0,56,294.1254167,172.18
16-01-17,18.2,2,95.88,0,58,316.3375,155.64
17-01-17,18.1,1.5,92.37,0,65,196.8441667,231.36
18-01-17,19.8,2,90.36,0,62,176.0075,210.31
19-01-17,21.5,2,110.5,0,55,209.4058333,136.09
20-01-17,20.3,2,99.17,0,51,206.2195833,136.86
21-01-17,20.6,3,107.94,0,57,244.6954167,145.01
22-01-17,21.3,2,98.06,0,60,218.2966667,158.23
23-01-17,20.6,3,84.6,0,61,223.1140909,152.36
24-01-17,21.6,2,91.1,0,62,257.6795652,153.33
25-01-17,21.3,0,107.02,0,67,204.9773913,193
26-01-17,22.6,2,97.58,0,61,192.7641667,152.3
27-01-17,21.6,0,46.09,0,71,188.3891667,198.83
28-01-17,22.2,2,62.26,0,67,168.8141667,145.71
29-01-17,20.8,2,110.21,0,58,179.6116667,76.7
30-01-17,20.4,2,105.02,0,64,159.6741667,110.49
31-01-17,20,2,95.87,0,67,190.9779167,140.87
01-02-17,21.2,1.5,97.36,0,62,201.3329167,146.42
02-02-17,20.4,2,113.18,0,61,213.29375,139.05
03-02-17,20,3,98.34,0,73,210.1,163.16
04-02-17,21.6,1,108.14,0,69,191.5958333,143.42
05-02-17,23.8,2,117.24,0,55,292.2904167,121.66
06-02-17,23.6,0,91.77,0,59,211.6575,148.48
07-02-17,23.8,1.3,98.46,0,55,206.265,86.62
08-02-17,22.6,2,113.53,0,46,235.282381,90.74
09-02-17,20.9,1.5,118.71,0,58,250.4369565,112.41
10-02-17,21.7,2,95.59,0,60,225.3116667,194.26
11-02-17,22.5,2,81.16,0,65,225.42,151.74
12-02-17,23.8,0,92.75,0,49,248.1609091,100.71
13-02-17,23.5,2,87.18,0,55,313.9883333,144.16
14-02-17,23.6,0,74,0,60,269.28,184.99
15-02-17,24,1.7,95.5,0,51,192.9841667,151.2
16-02-17,23.8,2,91.03,0,48,199.49,134.62
17-02-17,23.8,2,85.91,0,54,262.8191667,159.12
18-02-17,24.5,2,88.81,0,57,248.3613043,170.93
19-02-17,24.5,1,70.48,0,60,121.7465217,162.22
20-02-17,24.8,2,51.4,0,80,162.2754167,109.41
21-02-17,26.5,2.5,95.94,0,73,184.67875,72.79
22-02-17,26.3,2,70.25,0,74,155.62625,58.22
23-02-17,24.4,2,101.63,2,58,159.3429167,76.62
24-02-17,23.3,2,155.52,0,36,160.3795833,95.14
25-02-17,22.3,2,141.13,0,44,145.0504167,88.39
26-02-17,22.9,2,143.5,0,47,131.3626087,111.82
27-02-17,24,2.5,145.48,0,45,102.1379167,135.6
28-02-17,23.8,2,143.06,0,48,100.3417391,145.94
01-03-17,24.5,2,124.05,0,52,232.1166667,124.74
02-03-17,26.5,2,133.57,0,54,198.48,128.38
03-03-17,26.7,2,128.08,0,65,161.6083333,69.92
04-03-17,25.5,2,81.77,0,68,151.2341667,66.54
05-03-17,25.5,2,100.57,1,74,115.7204167,43.82
06-03-17,24.6,0,133.22,7,76,145.4230435,57.18
07-03-17,25.4,2,136.86,0,68,156.49125,86.38
08-03-17,24.1,2,76.64,0,67,190.9708333,102.18
09-03-17,23.6,2,106.48,0,73,174.655,70.65
10-03-17,25.1,2.3,110.85,0,80,196.4691667,66.51
11-03-17,22.7,1,57.83,38,89,219.675,42.49
12-03-17,24.1,3,148.12,9,66,179.5895833,67.15
13-03-17,23.7,2,190.69,0,42,270.9945833,52.04
14-03-17,22.9,2,183.1,0,48,285.9341667,66.33
15-03-17,23.4,2,187.31,0,45,214.03,77.67
16-03-17,23.2,2,189.78,0,46,151.5641667,95.24
17-03-17,26,2,170.11,0,54,142.6208696,148.72
18-03-17,23.3,2.5,114.12,0,74,157.1933333,65.5
19-03-17,25.3,5,139.47,8,63,164.0417391,76.8
20-03-17,20,3,58.93,1,78,141.4533333,42.13
21-03-17,23.1,1,150.75,9,68,151.3608333,88.33
22-03-17,25.5,2,153.01,0,62,200.9758333,93.45
23-03-17,26.9,2,148.05,0,68,186.0729167,94.19
24-03-17,28.3,2.2,167.72,0,66,183.5041667,68.23
25-03-17,24.2,1.5,112.15,0,75,173.6333333,38.39
26-03-17,26.7,0,112.24,13,72,154.3108333,65.63
27-03-17,28.1,2,116.55,0,77,112.8595833,59.16
28-03-17,27.4,1.8,69.74,0,79,92.35,45.53
29-03-17,26.7,3,40.52,0,84,88.81086957,34.57
30-03-17,29.1,3,143.78,14,74,75.43083333,25.04
31-03-17,29.2,3.8,142.33,0,75,87.20956522,31.37
01-04-17,29.5,3.4,163.99,0,70,104.9283333,28.34
02-04-17,28.9,6,116.99,0,73,75.14869565,30.46
03-04-17,28.4,3.3,127.72,0,69,97.85695652,27.06
04-04-17,26.7,2.7,119.68,7,76,65.0175,31.82
05-04-17,24.2,3,69.33,0,86,78.09291667,34.8
06-04-17,26.5,2,106.71,37,82,68.05,64.9
07-04-17,29.8,2.7,164.35,0,74,89.08291667,37.14
08-04-17,29.8,2.7,142.11,0,76,74.88652174,42.27
09-04-17,29.6,0,104.57,0,76,78.2725,43.56
10-04-17,30.4,2.3,181.2,0,63,74.42708333,51.69
11-04-17,30.5,2,192.88,0,62,67.70636364,56.88
12-04-17,29.7,2,189.74,0,67,79.39875,63.29
13-04-17,30.6,0,191.17,0,52,117.3963636,95.52
14-04-17,30.6,2,183.5,0,51,157.8899565,86.3
15-04-17,28.2,2.3,170.06,0,65,103.7897222,44.63
16-04-17,26.5,3,187.72,0,60,101.4216667,29.85
17-04-17,29.1,5,190.16,0,58,123.2915942,60.64
18-04-17,29.9,2.7,141.83,0,68,90.60229167,39.96
19-04-17,26.6,5,143.34,0,81,61.56296443,32.31
20-04-17,26.2,2,127.47,55,76,63.68577652,39.67
21-04-17,25.3,4.7,57.1,1,83,58.29216113,40.18
22-04-17,22.1,2,32.21,2,91,70.220625,41.54
23-04-17,24.4,2,62.07,55,88,72.7753869,45.13
24-04-17,23.1,4,39.54,18,86,66.48547619,34.9
25-04-17,28.4,4,113.03,23,80,74.87658088,43.76
26-04-17,29.8,4,174.17,18,80,108.6781341,44.18
27-04-17,29.7,2.7,147.13,0,74,120.7491304,47.66
28-04-17,30.1,2,155.67,0,77,95.90571429,48.68
29-04-17,27.7,2.4,168.18,0,73,75.76958333,43.96
30-04-17,28.4,2.8,158.55,12,72,72.20343434,41
01-05-17,26.8,2.3,105.15,2,76,79.02146245,42.33
02-05-17,27.7,0,173.36,62,72,79.0875,36.54
03-05-17,30.3,2,221.03,0,73,85.39616667,46.51
04-05-17,29.7,2.5,198.17,0,69,90.904125,44.52
05-05-17,30.6,3.3,204.17,0,71,86.65961957,38.71
06-05-17,30.1,3.7,149.46,0,72,88.93836051,35.81
07-05-17,30.3,2.5,152.05,1,70,86.07097308,33.21
08-05-17,31,2.3,175.54,0,69,57.05425889,30.04
09-05-17,26.4,2,66.36,0,78,80.28528656,37.82
10-05-17,29,2,120.12,0,76,91.59916667,64.73
11-05-17,31.2,2,202.89,0,66,76.86470833,31.69
12-05-17,30.5,2,136.77,0,70,100.8854167,49.5
13-05-17,30.5,1.7,143.87,0,67,100.9241667,53.9
14-05-17,29.9,2,109.37,0,72,67.62454545,37.3
15-05-17,27.2,2,138.07,0,77,53.46377976,32.02
16-05-17,26.7,2,126.48,90,82,65.37024845,47.33
17-05-17,28.2,0,116.52,5,79,70.18479167,48.33
18-05-17,30.3,2,200.08,16,69,59.3066996,26.25
19-05-17,31,2,181.22,0,74,77.04604167,40.28
20-05-17,32,2.5,56.7,0,72,65.58576389,38.66
21-05-17,31.6,2.5,210.72,0,71,67.41509662,44.98
22-05-17,32.2,2.6,169.36,0,72,77.48144928,38.83
23-05-17,32.8,3,179.05,0,69,86.16083333,41.63
24-05-17,32.4,2.1,162.01,0,69,70.15395833,38.85
25-05-17,32.6,2,179.79,0,68,74.19542572,30.33
26-05-17,29.2,2,151.12,0,77,73.69865942,26.5
27-05-17,30.3,0,89.8,2,74,69.58378623,46.97
28-05-17,30,2,83.48,0,73,73.27333333,55.39
29-05-17,30,2,104.5,4,77,68.62488095,56.03
30-05-17,27.4,2.5,47.25,3,83,56.92270833,19.52
31-05-17,28.8,0,124.6,3,83,75.2225,43.83
01-06-17,26.4,2.3,40.87,17,91,65.67541667,30.18
02-06-17,28,3,121.71,8,82,51.48875,16.73
03-06-17,31.3,2.3,7.6,21,77,44.75833333,54.29
04-06-17,30.1,3,33.47,0,77,56.82604167,29.24
05-06-17,27.2,3,58.23,0,79,55.41404891,37.25
06-06-17,30.8,2,168.95,5,74,64.55316667,43.96
07-06-17,31.6,2,107.64,0,76,37.66791667,45.56
08-06-17,30.3,2,127.43,1,76,41.0975,43.43
09-06-17,30,3,81.68,0,76,50.37625,70.74
10-06-17,30.9,0,172.56,0,71,41.00583333,32.04
11-06-17,28.5,3.2,99.75,1,83,55.90173913,20.24
12-06-17,25.7,5.5,33.44,30,97,38.40761905,35.65
13-06-17,29.4,0,69.28,139,85,37.8575,33.98
14-06-17,28.8,2,112.72,0,88,57.21208333,34.84
15-06-17,29.2,2.5,105.33,37,80,39.24521739,39.05
16-06-17,27.2,2,84.34,17,90,36.65086957,40.78
17-06-17,28.5,2,161.78,18,87,38.04130435,30.64
18-06-17,29.6,2,158.13,44,85,47.71333333,25.29
19-06-17,25.7,2,156.5,20,91,44.9175,22.93
20-06-17,28.4,3,208.98,46,78,40.77647059,17.79
21-06-17,29,2.5,221.86,0,81,39.52717273,12.93
22-06-17,29.6,2,185.99,0,81,42.93431061,12.88
23-06-17,30.1,0,127.47,0,74,34.892,14.3
24-06-17,30.5,2.5,100.23,0,72,45.03208333,12.71
25-06-17,29.9,3,178.49,0,73,23.52904762,14.19
26-06-17,30.3,2,209.27,1,73,21.66533333,13.3
27-06-17,30.2,2,141.6,0,74,34.09454545,34.84
28-06-17,29.9,1.5,197.02,0,76,53.11708333,17.85
29-06-17,30,2,142.13,0,79,61.47583333,19.83
30-06-17,29.9,2,131.61,9,80,45.90333333,24.51
01-07-17,29,2,175.4,1,84,53.10409091,13.8
02-07-17,28.4,1.8,123.89,5,89,39.30142857,24.8
03-07-17,28.1,2.5,112.94,53,90,40.97416667,20.3
04-07-17,27.7,2,71,25,91,57.94833333,20.36
05-07-17,27.7,0,89.09,28,90,76.70733333,10.91
06-07-17,29.6,2,42.96,27,80,80.62538462,9.21
07-07-17,29.4,1.7,47.38,7,81,59.99208333,17.58
08-07-17,29.3,1.6,185.3,9,81,24.41727273,18.69
09-07-17,29.8,1.8,175.47,1,78,22.55727273,9.45
10-07-17,28.8,2.3,164.32,0,85,47.19208333,12.88
11-07-17,26.7,2,120.01,8,93,70.16416667,17.22
12-07-17,28.1,2,167.32,103,87,56.33083333,16.57
13-07-17,28.6,2,154.74,24,83,63.76291667,12.77
14-07-17,29.6,2,116.42,0,77,68.56291667,19.07
15-07-17,30.8,2.3,186.43,0,69,56.63636364,15.73
16-07-17,31.8,2,145.82,0,69,44.1625,17.84
17-07-17,30.6,2,137.84,1,79,44.1973913,22.03
18-07-17,30.6,1.5,122.66,6,74,42.97210526,20.23
19-07-17,27.2,2,48.77,5,91,40.32714286,24.67
20-07-17,27,2,43.28,64,91,36.65875,22.72
21-07-17,27.8,1,70.77,17,88,52.61608696,32.7
22-07-17,28.9,0,86.91,2,81,30.63090909,16.9
23-07-17,27.6,1.5,114.59,3,88,27.40965909,19.86
24-07-17,26.6,3,35.94,24,91,25.74230849,13.71
25-07-17,26.3,2,41.02,49,92,24.55041667,17.9
26-07-17,26.8,2,51.65,30,92,35.56503968,34.01
27-07-17,29.5,2,146.77,65,81,44.04804348,32.72
28-07-17,31.2,2,5.9,0,73,37.05111111,23.03
29-07-17,29,0,138.78,0,87,38.00708333,19.86
30-07-17,28.7,2,146.51,10,86,44.86298913,37.87
31-07-17,30.5,2,143.12,17,78,39.59618687,30
01-08-17,30.1,2,103.25,1,80,34.65506793,31.17
02-08-17,28.4,0,70.14,7,90,49.32541667,35.17
03-08-17,28.8,2,103.43,24,87,63.76098662,43.01
04-08-17,30.2,0,149.14,123,82,60.65791667,25.75
05-08-17,30.2,2.5,172.02,1,78,54.99347826,21.86
06-08-17,29.2,2,88.68,1,84,53.95979167,23.9
07-08-17,29.1,1.5,150.22,7,79,50.79734848,16.6
08-08-17,30.4,2,164.58,0,75,56.156875,19.6
09-08-17,29.7,2.3,137.2,0,80,47.94458333,20.36
10-08-17,29.7,3.4,111.6,1,81,51.70666667,20.52
11-08-17,28.3,2,28.9,11,91,53.181875,31.71
12-08-17,26.6,2,27.76,43,95,41.65586957,23.4
13-08-17,28.2,2,80.48,37,85,43.43,20.51
14-08-17,28.2,0,67.05,0,90,50.28929022,36.93
15-08-17,28.1,0,91.49,19,90,16.13,32.74
16-08-17,28.1,0,69.44,14,89,15.2826087,32.16
17-08-17,29.5,0,82.57,17,80,46.30594697,40.28
18-08-17,28.8,2,50.11,1,81,44.87376623,24.28
19-08-17,30.1,2,135.81,0,72,43.185625,24.21
20-08-17,30.2,2,110.45,0,75,62.80666667,30.97
21-08-17,28.7,0,75.54,0,88,70.28782609,34.69
22-08-17,28.8,8,127.6,18,84,91.40714286,45.81
23-08-17,28.1,0,100.24,126,89,42.02695652,27.7
24-08-17,29.7,2,98.02,16,80,43.98304348,21.48
25-08-17,28.8,0,73.27,0,88,43.65133333,22.46
26-08-17,29.2,5,69.96,28,82,23,25.93
27-08-17,29.6,2,221.8,48,77,78.58346818,47.06
28-08-17,29,2,115.47,1,81,52.25829491,17.61
29-08-17,29.6,2,150.11,0,77,10.68181818,28.35
30-08-17,30.4,0,186.87,0,75,13.71363636,20.47
31-08-17,28.1,1.5,0,0,90,46.28929022,0
01-09-17,29.1,0,130.27,29,82,50.52350696,15.32
02-09-17,29.1,2,104.8,0,81,48.13381703,12.6
03-09-17,29.1,2,150.69,0,82,47.41644022,12.87
04-09-17,30.6,2,164.2,3,74,52.18470215,16.78
05-09-17,30.5,0,155.74,0,77,58.52488149,21.06
06-09-17,30.8,1.5,167.74,0,77,42.51836989,19.62
07-09-17,30.2,2,131.53,0,79,47.51748864,18.17
08-09-17,30.4,2.2,154.72,0,77,58.52488149,20.04
09-09-17,29.5,2.3,147.43,0,80,56.3012803,24.81
10-09-17,27.1,2,55.99,0,92,15,28.14
11-09-17,25.8,2,27.07,55,94,44.32262629,45.74
12-09-17,28.7,2,127.47,80,84,81.14821333,51.37
13-09-17,28.7,0,83.86,1,86,59.17979022,32.79
14-09-17,29.4,2,112.45,7,82,93,36.09
15-09-17,29.4,0,102.14,0,83,62.38779167,46.33
16-09-17,31.8,2,151.86,0,73,83.015,64.06
17-09-17,28.2,2,77.58,0,87,35,37.57
18-09-17,29.7,2,177.21,11,76,45.70916156,26.83
19-09-17,27.2,2,57.84,22,90,39,19.41
20-09-17,28.5,2,75.57,13,85,60.31460688,33.99
21-09-17,29.1,2,134.28,39,84,55.49550167,33.13
22-09-17,30.5,2.3,183.12,2,74,55.40106061,21.46
23-09-17,31.2,3,157.61,0,74,52.55858333,27.38
24-09-17,31.7,2,112.55,0,73,52.59828409,33
25-09-17,30.4,0,68.24,0,83,52.8958768,54.92
26-09-17,30.2,2,82.41,5,83,58.30854322,65.8
27-09-17,29,0,65.29,0,87,44.11958188,68.71
28-09-17,28.1,5.5,101.18,5,85,52.16408188,34.23
29-09-17,26.9,3,50.39,94,91,72.15953991,15.1
30-09-17,27.5,3,6.3,15,91,44.49306341,14.08
01-10-17,27.4,2,149.18,31,91,70.69118766,66.76
02-10-17,28.7,2,115.27,25,81,55.80499541,32.07
03-10-17,29.6,0,130.63,0,79,33.39244697,30
04-10-17,30.5,2,108.21,0,79,49.80380952,40.62
05-10-17,30.7,0,132.03,0,73,34.16347727,44.85
06-10-17,29.6,0,74.01,0,80,45.76423431,54.52
07-10-17,28.2,2,85.35,5,81,31.975,21.36
08-10-17,28.1,2.6,99.63,2,79,42.77541667,20.74
09-10-17,27.2,4,57.01,1,84,22.33333333,24.2
10-10-17,29.4,3,156.45,0,76,13.44354167,32.57
11-10-17,30.3,2,134.89,0,73,10.17041667,26.8
12-10-17,30.4,3,478.57,0,75,11.465,32.06
13-10-17,30.2,2,74.61,0,73,34.05020833,22.33
14-10-17,29.9,2,125.32,0,75,43.19709957,28.11
15-10-17,29.1,0,108.46,61,83,69.94208333,90.25
16-10-17,29.7,0,132.3,0,76,81.73869565,91.92
17-10-17,30.3,2,147.18,0,76,94.963125,88.17
18-10-17,29.3,2,123.91,0,76,89.07020833,62.1
19-10-17,26.5,4,72.57,0,89,95.16979167,22.45
20-10-17,24.4,4.5,12.23,50,96,109.833125,25.29
21-10-17,24.2,7,12.09,149,94,118.4319656,16.17
22-10-17,24.6,3,126.27,86,86,138.6929583,21.6
23-10-17,27.6,5,148.37,0,79,41.91456522,39.52
24-10-17,27.1,5,127.77,0,79,40.87541667,52.21
25-10-17,26.5,0,76.38,2,85,40.605,80.11
26-10-17,26.4,2,152.81,0,80,108.8483333,75.96
27-10-17,26.1,2,150.29,0,72,105.1816667,86.25
28-10-17,25.1,0,17.16,0,75,86.92345238,116.73
29-10-17,25.5,0,125.2,0,70,97.56041667,67.86
30-10-17,21.9,2,33.59,0,84,80.97,61.61
31-10-17,23.5,2,143.09,0,77,57.93875,42.41
01-11-17,25.2,2,139.39,0,73,49.92375,53.34
02-11-17,25.6,3,149.06,0,72,44.88727273,61.18
03-11-17,25.7,4,160.86,0,70,78.77521739,62.09
04-11-17,27.2,2.4,191.06,0,69,114.3520833,51.22
05-11-17,27,2,210.11,0,69,78.541625,46.57
06-11-17,27.1,4,153.93,0,68,107.7126993,56.95
07-11-17,27,2,212.59,0,64,123.9707576,54.61
08-11-17,26,2,192.81,0,67,113.1048958,52.87
09-11-17,25.2,2,95.75,0,71,155.0616667,92.77
10-11-17,25.4,0,145.87,0,67,138.7269565,72.86
11-11-17,25.4,0,137.87,0,65,127.9319565,61.67
12-11-17,26.6,2,143.59,0,59,134.9170833,60.04
13-11-17,27.1,2,171.07,0,55,111.04375,52.49
14-11-17,26.3,0,119.78,0,65,199.8794565,131.92
15-11-17,23.6,2,64.96,0,77,88.14520833,143.63
16-11-17,22.8,2.5,87.2,4,86,56.12041667,132.1
17-11-17,25.5,3,55.53,2,82,52.644375,143.1
18-11-17,26.8,0,53.46,0,78,108.5616667,122.9
19-11-17,25.7,0,116.52,0,76,64.15208333,111.69
20-11-17,25.1,2,147.86,0,71,64.76,108.27
21-11-17,24,3.7,149.22,0,54,114.9389583,134.28
22-11-17,22.8,2.7,139.67,0,51,154.9422917,169.96
23-11-17,22.8,2.7,139.13,0,59,52.008125,209.51
24-11-17,23,2,125.24,0,61,135.0554167,86.33
25-11-17,22.6,4,91.93,0,57,133.4239015,105.58
26-11-17,22.6,2,93.62,0,61,111.2397917,82.99
27-11-17,23.1,2,78.15,0,66,124.915,119.13
28-11-17,21.7,0,105.37,0,68,128.388125,138.19
29-11-17,21.6,2,6.7,0,81,132.5409167,121.14
30-11-17,21.3,2,84.53,0,70,45.40104167,186.59
01-12-17,21.8,0,75.1,0,72,57.73125,193.02
02-12-17,22.2,3,14.34,0,72,144.1916667,115.92
03-12-17,21.8,2,71.1,0,67,130.2469384,120.74
04-12-17,21.3,0,109.6,0,71,121.07875,83.45
05-12-17,21.1,0,78.63,0,70,161.716087,148.29
06-12-17,22.7,0,41.78,0,68,204.110625,185.36
07-12-17,22.7,0,63.56,0,68,184.5552083,164.64
08-12-17,22.8,0,100.61,0,69,155.0538406,114.78
09-12-17,21,3.5,94.04,4,95,175.6838859,156.3
10-12-17,22.1,2.5,64.99,15,95,186.6072917,171.54
11-12-17,22.8,2,70.66,14,92,170.8754464,156.09
12-12-17,23.4,0,77.26,0,81,167.8560417,156.67
13-12-17,22.9,0,57.42,0,84,197.986864,94.8
14-12-17,22,0,81.42,0,74,184.5245652,118.31
15-12-17,20.7,2,101.75,0,64,218.8204167,155.71
16-12-17,19.7,0,96.57,0,69,275.0542857,205.23
17-12-17,20.5,0,51.17,0,84,195.5280769,121.44
18-12-17,20.5,0,65.37,0,79,267.4547368,108.4
19-12-17,18,0,64.92,0,91,291.0845833,128.41
20-12-17,19.1,0,109.96,0,88,277.51875,143.76
21-12-17,20.3,0,114.59,0,79,220.2522727,108.02
22-12-17,20.5,0,110.79,0,82,233.14375,135.63
23-12-17,21,0,105.5,0,74,213.2545833,117.12
24-12-17,21.3,2,102.18,0,71,204.5565217,134.47
25-12-17,21.5,2,81.98,0,75,181.596087,117.78
26-12-17,21.4,2,109.94,0,70,203.5943478,112.22
27-12-17,21.1,4,109.11,0,72,210.0579167,117.13
28-12-17,19.4,2,113.64,0,85,230.6020833,139.15
29-12-17,19.7,0,100.94,0,83,276.3495833,132.75
30-12-17,21.6,0,109.31,0,67,344.3958333,154.1
31-12-17,21.6,3,109.24,0,64,250.58,116.84
01-01-18,20.6,0,104.63,0,71,330.3225,164.5
02-01-18,20.2,2.3,120.78,0,74,232.8916667,109.7
03-01-18,18.4,3.3,82.91,0,54,229.3754167,78.46
04-01-18,15.7,2.7,103.23,0,72,214.7691667,122.42
05-01-18,16.1,2,98.47,0,82,216.76125,158.74
06-01-18,16.8,2,73.8,0,58,229.2595833,110.75
07-01-18,14.1,3.5,112.77,0,67,194.19,107.8
08-01-18,13,2,112.03,0,75,304.2508333,137.87
09-01-18,16.6,2,104.65,0,64,213.0954167,141.12
10-01-18,16.3,2,100.16,0,68,301.9925,121.65
11-01-18,13.8,2.7,100.49,0,83,202.3736364,144.57
12-01-18,15.1,2,104.49,0,81,197.4742857,149.72
13-01-18,15.7,0,112.83,0,83,240.5116667,124.23
14-01-18,14.6,2,55.87,0,90,254.52625,124.83
15-01-18,15.7,2,111.96,0,83,294.1254167,155.71
16-01-18,17.7,2,106.02,0,70,316.3375,135.74
17-01-18,18.8,2,104.74,0,75,196.8441667,186.07
18-01-18,20.1,2,94.77,0,63,176.0075,209.42
19-01-18,20,2,101.54,0,58,209.4058333,182.47
20-01-18,18.3,2,101.8,0,62,206.2195833,151.41
21-01-18,19,2,114.99,0,66,244.6954167,143.45
22-01-18,17.7,2.3,104.26,0,78,218.2966667,153.49
23-01-18,19.8,2,99.17,0,67,223.1140909,163.11
24-01-18,19.6,2,100.39,0,62,257.6795652,144.18
25-01-18,20.5,2,108.01,0,58,204.9773913,157.58
26-01-18,19.6,0,99.63,0,53,192.7641667,140.68
27-01-18,17.1,2.3,77.38,0,64,188.3891667,151.09
28-01-18,17.1,2.5,70.56,0,62,168.8141667,121
29-01-18,17.6,2,112.22,0,66,179.6116667,82.13
30-01-18,18.2,2.5,118.76,0,62,159.6741667,102.03
31-01-18,19.1,2,111.94,0,67,190.9779167,140.27
01-02-18,19.1,2,111.62,0,69,201.3329167,167.62
02-02-18,19.6,0,119.15,0,79,213.29375,141.28
03-02-18,20.1,0,119,0,82,210.1,132.85
04-02-18,22.4,2,121.8,0,71,191.5958333,128.69
05-02-18,22.2,2,121.91,0,82,292.2904167,123.58
06-02-18,21.7,0,104.17,0,69,211.6575,152.15
07-02-18,22.2,2,105.91,0,60,206.265,129.82
08-02-18,21.9,2,106.65,0,50,235.282381,121.36
09-02-18,23.1,2,101.28,0,57,250.4369565,76.39
10-02-18,23.6,2,124.05,0,49,225.3116667,122.76
11-02-18,22.2,3,114.24,0,38,225.42,117.24
12-02-18,23.3,2,112.87,0,46,187.4004545,102.6
13-02-18,23.9,3,113.63,0,49,313.9883333,126.88
14-02-18,23,2.5,103.9,0,59,263.351,166.83
15-02-18,22.3,2.5,109.32,0,50,253.955,177.79
16-02-18,22.4,3,80.88,0,51,211.9775,126.72
17-02-18,21.8,2.5,64.78,0,62,194.1545833,123.71
18-02-18,22.5,2,88.81,0,62,248.3613043,170.93
19-02-18,23.6,3,70.48,0,57,121.7465217,162.22
20-02-18,24.5,3,51.4,0,57,162.2754167,109.41
21-02-18,24.8,2,95.94,0,64,184.67875,72.79
22-02-18,25,2,70.25,0,60,155.62625,58.22
23-02-18,26.1,2,101.63,0,64,159.3429167,76.62
24-02-18,25.8,2,155.52,0,71,160.3795833,95.14
25-02-18,27.3,2,141.13,0,60,145.0504167,88.39
26-02-18,23.4,5,143.5,4,73,131.3626087,111.82
27-02-18,25.3,2,145.48,16,72,102.1379167,135.6
28-02-18,25.8,2,143.06,0,60,100.3417391,145.94
01-03-18,25.9,3,124.05,0,60,232.1166667,124.74
02-03-18,26.7,3,133.57,0,59,198.48,128.38
03-03-18,27.4,2.5,128.08,0,66,161.6083333,69.92
04-03-18,28.2,2.3,81.77,0,66,151.2341667,66.54
05-03-18,28.1,2,100.57,0,53,115.7204167,43.82
06-03-18,27.4,2,79.39,0,46,213.8695217,109.31
07-03-18,26.2,2.3,153.16,0,39,171.6845833,88.58
08-03-18,25.9,2.5,122.5,0,45,190.9327976,94.47
09-03-18,25.6,3,145.04,0,53,212.18375,96.83
10-03-18,25.5,3,144.55,0,45,251.6461742,112.31
11-03-18,26.3,2.5,88.44,0,45,177.5188043,59.75
12-03-18,27.5,3,176.83,0,62,156.5992361,68.03
13-03-18,26.5,2.5,172.25,0,65,211.0277083,70.63
14-03-18,27.6,3,168.83,0,71,234.1422917,76.51
15-03-18,28.4,3,169,0,67,208.48625,89.92
16-03-18,27.3,2.5,197.24,0,65,154.5810833,80.68
17-03-18,27.5,2,163.43,0,56,167.6112681,123.61
18-03-18,28.1,2.5,124.94,0,60,137.02375,63.97
19-03-18,27.8,2.5,132.01,0,60,150.1567029,73.23
20-03-18,27.1,2,121.04,0,44,132.8516667,54.95
21-03-18,28.4,2.5,171.98,0,48,139.8204167,74.36
22-03-18,28.1,2,160.43,0,60,141.9875,70.34
23-03-18,28.4,3,165.97,0,68,113.0364583,77.92
24-03-18,29,3,162.07,0,68,183.5041667,103.05
25-03-18,29.6,2,144.02,0,64,173.6333333,73.76
26-03-18,27.2,2.5,138.36,2,67,154.3108333,94.71
27-03-18,27.6,2.5,119.68,0,72,112.8595833,64.83
28-03-18,28.9,2.7,122.19,0,68,92.35,73.15
29-03-18,28.8,2.7,105.86,0,68,88.81086957,73.08
30-03-18,25.1,4,152.51,0,74,129.64625,37.65
31-03-18,24.2,3,141.95,1,69,84.46978261,34.5
01-04-18,27.5,2,163.99,14,55,104.9283333,28.34
02-04-18,26.1,2,116.99,0,66,75.14869565,30.46
03-04-18,28.6,2,146.94,0,58,116.8219398,40.32
04-04-18,27.6,3,134.67,0,62,119.116131,61.15
05-04-18,27.7,5.3,70.47,0,61,98.25791667,44.57
06-04-18,26.5,3,159.85,0,71,89.765,58.83
07-04-18,26.7,2.3,158.6,2,71,72.99520833,29.63
08-04-18,25.8,2,82.3,5,75,71.6768323,41.51
09-04-18,28.3,3,135.62,0,65,80.85170455,43.42
10-04-18,28.6,3,150.1,0,61,91.12916667,52.19
11-04-18,26.9,3,164.18,0,70,128.8731818,77.44
12-04-18,27,2,161.06,8,63,84.858125,64.47
13-04-18,28.4,2.5,159.68,5,66,117.3963636,97.67
14-04-18,26.5,2,199.63,0,76,157.8899565,71.26
15-04-18,28.7,0,167.74,42,65,103.7897222,41.07
16-04-18,29.7,2,175.43,0,61,101.4216667,34.79
17-04-18,25,4,190.31,0,76,123.2915942,59.85
18-04-18,27.8,2,171.92,50,70,90.60229167,53.34
19-04-18,27.2,3.5,169.21,12,75,61.56296443,59.27
20-04-18,28.6,2.8,164.83,2,72,63.68577652,57.61
21-04-18,26.6,3,131.75,17,86,94.48965199,58.69
22-04-18,28,6,123.33,12,80,70.220625,37.39
23-04-18,29.6,2,128.8,5,76,72.7753869,53.27
24-04-18,30.2,2.3,105.8,0,73,66.48547619,70.39
25-04-18,27.5,2.3,159.06,0,66,74.87658088,56.76
26-04-18,26.8,3.8,167.98,26,64,108.6781341,44.74
27-04-18,26.7,2.3,142.55,32,69,120.7491304,46.03
28-04-18,29.2,3.3,155.71,0,64,95.90571429,39.03
29-04-18,22.3,3,176.44,0,86,75.76958333,33.33
30-04-18,22.7,4,168.5,77,87,72.20343434,29.85
01-05-18,27.4,3.5,154.2,32,74,79.02146245,28.75
02-05-18,25.2,3,171.44,0,80,79.0875,26.6
03-05-18,26.7,3,164.21,5,74,85.39616667,36.86
04-05-18,25.9,4,111.74,0,82,90.904125,31.22
05-05-18,26.9,5,216.28,19,81,86.65961957,33.11
06-05-18,29.4,4,172.1,24,76,126.3520969,40.54
07-05-18,27.2,2.3,181.46,4,81,98.34590321,40.02
08-05-18,29.6,5.7,184.43,0,81,83.88129611,37.92
09-05-18,27.8,2,129.86,0,84,97.30222661,41.64
10-05-18,24.4,4.5,157.7,14,84,101.2167262,54.95
11-05-18,25.8,7.3,192.46,15,77,82.16235417,36.95
12-05-18,27.5,6,168.32,2,71,100.8854167,46.88
13-05-18,26.9,3,134.09,0,77,100.9241667,50.25
14-05-18,27.7,2,160.43,42,74,74.14560606,41.63
15-05-18,28.5,4.5,181.61,0,74,69.6041121,34.4
16-05-18,23.8,5,154.87,22,83,87.20116589,48.46
17-05-18,27.7,5,156.52,10,79,74.45447917,40.41
18-05-18,25.8,4,182.84,0,87,75.13980814,32.27
19-05-18,27.9,2,163.72,31,83,98.9790625,47.13
20-05-18,26.9,3,120.91,35,83,116.0237153,58.68
21-05-18,26.3,6,204.2,35,90,88.89650664,46.33
22-05-18,28.1,3,184.4,19,89,84.8617663,36.2
23-05-18,26.7,4,188.31,12,90,75.79916667,34.86
24-05-18,28.7,5,128.51,52,83,65.62489583,30.68
25-05-18,28.9,3.8,134.26,1,82,71.84553895,30.43
26-05-18,30.7,2,181.78,18,78,81.13266304,33.86
27-05-18,31.3,2.5,141.82,0,73,78.31689312,42.24
28-05-18,30.6,2.5,147.21,0,70,88.26791667,47.84
29-05-18,29.9,4,159.64,0,62,80.14994048,47.91
30-05-18,30.6,3.5,123.35,0,65,62.80302083,23.25
31-05-18,26.1,2,162.85,0,87,79.48416667,39.37
01-06-18,26.6,3,105.86,82,89,73.05166667,33.6
02-06-18,28.8,3,119.26,1,83,56.77350543,23.34
03-06-18,28,3,74.09,2,87,56.320625,45.57
04-06-18,29,5,62.58,35,84,48.05052083,23.93
05-06-18,30.3,0,43.22,23,77,41.05311141,26.13
06-06-18,30,3,155.3,0,84,48.58658333,28.68
07-06-18,31.2,3,133.37,6,78,33.76625,29.08
08-06-18,30.7,3,139.03,1,79,36.245625,27.87
09-06-18,30.9,3,95.16,0,76,38.74041667,42.16
10-06-18,28.9,3,198.45,3,83,36.30291667,23.84
11-06-18,29,5,120.13,24,84,46.11486957,16.73
12-06-18,28.3,3,126.32,0,90,41.68496337,26.16
13-06-18,29.2,3.5,69.28,58,87,37.8575,33.98
14-06-18,31.8,3,112.72,0,80,57.21208333,34.84
15-06-18,29.6,7,105.33,0,83,39.24521739,39.05
16-06-18,27.7,4.7,84.34,8,79,36.65086957,40.78
17-06-18,30.2,2.8,161.78,1,79,38.04130435,30.64
18-06-18,31.4,3,158.13,1,80,47.71333333,25.29
19-06-18,26.5,3,156.5,0,85,44.9175,22.93
20-06-18,30.2,5,208.98,8,77,40.77647059,17.79
21-06-18,30.8,3,221.86,0,77,57.53415018,12.93
22-06-18,30.7,4.3,185.99,1,75,51.83696836,12.88
23-06-18,28.2,3,127.47,0,88,34.892,14.3
24-06-18,29.4,4.7,100.23,62,83,45.03208333,12.71
25-06-18,27.8,5,178.49,0,89,23.52904762,14.19
26-06-18,29.5,4,209.27,31,77,21.66533333,13.3
27-06-18,28.6,4,141.6,3,79,34.09454545,34.84
28-06-18,28.6,4.2,197.02,12,80,53.11708333,17.85
29-06-18,29.7,3.9,142.13,4,76,61.47583333,19.83
30-06-18,29.9,5.4,131.61,0,78,45.90333333,24.51
01-07-18,30.1,5,175.4,0,76,53.10409091,13.8
02-07-18,29.1,3,123.89,1,81,39.30142857,24.8
03-07-18,27.2,3,112.94,23,92,40.97416667,20.3
04-07-18,27.5,3.3,71,43,91,57.94833333,20.36
05-07-18,29.5,3.3,89.09,7,82,76.70733333,10.91
06-07-18,30.4,3,42.96,0,78,80.62538462,9.21
07-07-18,30.8,3,47.38,0,72,59.99208333,17.58
08-07-18,29.9,5.3,185.3,0,77,24.41727273,18.69
09-07-18,29.2,4.5,175.47,3,80,22.55727273,9.45
10-07-18,29.7,4.7,164.32,1,79,47.19208333,12.88
11-07-18,30.2,3,120.01,0,76,70.16416667,17.22
12-07-18,30.2,3,167.32,9,79,56.33083333,16.57
13-07-18,30.4,3,154.74,9,78,63.76291667,12.77
14-07-18,31.1,2.8,116.42,1,73,68.56291667,19.07
15-07-18,30,3.3,186.43,0,79,56.63636364,15.73
16-07-18,29.7,5,145.82,3,78,44.1625,17.84
17-07-18,28.6,4,137.84,5,86,44.1973913,22.03
18-07-18,30.8,5,122.66,24,76,42.97210526,20.23
19-07-18,33,0,48.77,0,72,40.32714286,24.67
20-07-18,31.1,3,43.28,0,73,36.65875,22.72
21-07-18,28.7,3.8,70.77,3,83,52.61608696,32.7
22-07-18,29.1,4,86.91,15,87,30.63090909,16.9
23-07-18,27.3,4,114.59,23,89,27.40965909,19.86
24-07-18,27.1,4,35.94,55,93,25.74230849,13.71
25-07-18,27.4,3,41.02,60,90,24.55041667,17.9
26-07-18,27.2,3,51.65,39,90,35.56503968,34.01
27-07-18,28,3,146.77,10,90,44.04804348,32.72
28-07-18,27.8,3,5.9,10,89,37.05111111,23.03
29-07-18,28.9,3,138.78,4,82,38.00708333,19.86
30-07-18,28.8,2,146.51,0,83,44.86298913,37.87
31-07-18,29.4,2,143.12,6,79,39.59618687,30
01-08-18,28.4,2.5,103.25,3,83,34.65506793,31.17
02-08-18,27.6,2.5,70.14,25,88,49.32541667,35.17
03-08-18,28.5,3,103.43,25,83,63.76098662,43.01
04-08-18,28.8,0,149.14,0,87,60.65791667,25.75
05-08-18,29.1,3,172.02,5,85,54.99347826,21.86
06-08-18,29.5,3,88.68,19,82,53.95979167,23.9
07-08-18,30,3.7,150.22,12,72,50.79734848,16.6
08-08-18,30,4.3,164.58,0,74,56.156875,19.6
09-08-18,29.6,5,137.2,0,78,47.94458333,20.36
10-08-18,30.8,2,111.6,0,72,51.70666667,20.52
11-08-18,30.6,3.7,28.9,0,74,53.181875,31.71
12-08-18,29,2,27.76,0,83,41.65586957,23.4
13-08-18,31,3,80.48,9,73,43.43,20.51
14-08-18,31.3,5,67.05,2,71,38.00141848,36.93
15-08-18,31.3,5.3,91.49,3,68,32.26,32.74
16-08-18,30.6,3.5,69.44,0,72,30.56521739,32.16
17-08-18,30.6,3,82.57,1,76,26.42916667,40.28
18-08-18,32,3,50.11,2,73,33.13181818,24.28
19-08-18,30.2,4,135.81,1,77,32.20833333,24.21
20-08-18,29.4,4.3,110.45,10,78,62.80666667,30.97
21-08-18,29.1,3.5,75.54,10,83,70.28782609,34.69
22-08-18,30,3.5,127.6,0,80,91.40714286,45.81
23-08-18,29.9,3.5,100.24,2,81,42.02695652,27.7
24-08-18,29.6,3.7,98.02,6,81,43.98304348,21.48
25-08-18,30.1,3.7,73.27,0,76,43.65133333,22.46
26-08-18,29.9,3,69.96,2,77,23,25.93
27-08-18,29.4,5,221.8,2,76,76.78779269,47.06
28-08-18,29.5,3.3,115.47,0,79,48.81369524,17.61
29-08-18,29,2,150.11,0,82,21.36363636,28.35
30-08-18,29.7,2,186.87,2,80,27.42727273,20.47
31-08-18,30.7,4.3,0,0,75,37.41301848,0
01-09-18,29.9,3.8,130.27,2,76,54.27365357,15.32
02-09-18,28.3,3,104.8,0,86,56.27057601,12.6
03-09-18,29.7,3.7,150.69,15,80,58.2042316,12.87
04-09-18,29.5,3.7,164.2,0,83,47.94053986,16.78
05-09-18,29.8,4.3,155.74,4,74,51.34225045,21.06
06-09-18,29.2,8.7,167.74,0,72,50.25256061,19.62
07-09-18,29.3,5.8,131.53,0,79,58.98255089,18.17
08-09-18,30.3,2.7,154.72,0,73,53.21597283,20.04
09-09-18,30.2,2.3,147.43,0,73,63.51306806,24.81
10-09-18,29.7,3,55.99,0,75,15,28.14
11-09-18,29.1,4,27.07,0,80,45.35754022,45.74
12-09-18,29.4,2,127.47,1,84,68.37941664,51.37
13-09-18,27.9,3,83.86,15,90,62.12376622,32.79
14-09-18,28.5,3,112.45,3,84,93,36.09
15-09-18,30.1,5,102.14,0,77,53.53501667,46.33
16-09-18,30.7,3,151.86,0,70,83.015,64.06
17-09-18,31.6,0,77.58,0,70,35,37.57
18-09-18,32.1,0,177.21,0,69,54.04522678,26.83
19-09-18,31.8,5,57.84,0,70,39,19.41
20-09-18,28.9,4,75.57,23,80,58.9596629,33.99
21-09-18,28.2,5,134.28,2,79,58.55171196,33.13
22-09-18,28.5,3,183.12,6,84,51.95401232,21.46
23-09-18,29.7,3,157.61,3,78,52.7932192,27.38
24-09-18,30.4,3.5,112.55,0,74,51.33929488,33
25-09-18,29.7,4,68.24,0,79,48.81369524,54.92
26-09-18,30.1,3,82.41,0,77,45.30291988,65.8
27-09-18,28.4,3,65.29,0,86,53.80752355,68.71
28-09-18,30.5,0,101.18,2,75,43.5891,34.23
29-09-18,30.4,5,50.39,0,77,43.197225,15.1
30-09-18,31.4,3,6.3,0,66,57.3506553,14.08
01-10-18,30.3,5,149.18,0,61,75.98231845,66.76
02-10-18,30.6,3,115.27,0,58,77.28215879,32.07
03-10-18,31.1,3,130.63,0,62,80.62440179,30
04-10-18,29,5,108.21,0,74,65.37720833,40.62
05-10-18,29.3,3,132.03,0,71,75.3127619,44.85
06-10-18,28.4,5,74.01,0,73,56.98935725,54.52
07-10-18,29.4,4,85.35,0,69,63.95,21.36
08-10-18,29.7,4,99.63,0,62,85.55083333,20.74
09-10-18,28.3,4,57.01,0,73,44.66666667,24.2
10-10-18,25.7,3.3,156.45,0,84,26.88708333,32.57
11-10-18,25.2,5.3,134.89,1,86,20.34083333,26.8
12-10-18,24.6,3,478.57,1,92,22.93,32.06
13-10-18,24.6,4.5,74.61,24,90,34.13541667,22.33
14-10-18,25.2,5,125.32,15,83,30.80238095,28.11
15-10-18,27.1,4.5,108.46,0,75,59.29625,90.25
16-10-18,27.2,2,132.3,0,68,86.42826087,91.92
17-10-18,26.6,3,147.18,0,67,87.62666667,88.17
18-10-18,27.3,0,123.91,0,67,91.71375,62.1
19-10-18,27.8,3,72.57,0,72,103.8333333,22.45
20-10-18,27.6,0,12.23,0,76,118.8020833,25.29
21-10-18,27.6,3,12.09,0,68,93.05958333,16.17
22-10-18,27.7,5,126.27,0,71,96.02791667,21.6
23-10-18,27.1,3,148.37,0,71,83.82913043,39.52
24-10-18,27.1,3,127.77,0,67,81.75083333,52.21
25-10-18,27.1,3,76.38,0,58,81.21,80.11
26-10-18,26.6,3,152.81,0,62,76.25333333,75.96
27-10-18,27.5,3,150.29,0,61,68.50791667,86.25
28-10-18,23.2,6.5,17.16,1,84,59.80857143,116.73
29-10-18,23.7,3.5,125.2,3,82,97.56041667,67.86
30-10-18,25.6,3,33.59,0,78,80.97,61.61
31-10-18,26.8,3,143.09,0,74,57.93875,42.41
01-11-18,27.4,3,139.39,0,69,49.92375,53.34
02-11-18,26.8,3,149.06,0,75,44.88727273,61.18
03-11-18,27.3,3,160.86,0,75,78.77521739,62.09
04-11-18,27.5,2,191.06,0,73,114.3520833,51.22
05-11-18,27.6,2.5,210.11,0,72,54.727,46.57
06-11-18,25.7,2,153.93,0,83,57.45583333,56.95
07-11-18,24.6,3,212.59,13,79,98.55818182,54.61
08-11-18,24.8,3,192.81,0,65,86.731875,52.87
09-11-18,23.3,3,95.75,0,73,155.0616667,92.77
10-11-18,23.1,0,145.87,0,69,138.7269565,72.86
11-11-18,23.5,3,137.87,0,69,96.3,61.67
12-11-18,24.4,3,143.59,0,69,116.49125,60.04
13-11-18,23.9,3,171.07,0,71,84.95916667,52.49
14-11-18,23.8,0,119.78,0,73,153.543913,131.92
15-11-18,24.8,0,64.96,0,73,176.2904167,143.63
16-11-18,25.2,3,87.2,0,63,112.2408333,132.1
17-11-18,24.8,3.3,55.53,0,62,105.28875,143.1
18-11-18,23.2,3,53.46,0,61,114.1233333,122.9
19-11-18,23,3,116.52,0,63,128.3041667,111.69
20-11-18,22.4,3,147.86,0,69,129.52,108.27
21-11-18,22.4,4,149.22,0,70,102.8779167,134.28
22-11-18,22.7,3,139.67,0,69,92.88458333,169.96
23-11-18,22.7,3,139.13,0,66,104.01625,209.51
24-11-18,22.5,0,125.24,0,72,89.08458333,86.33
25-11-18,22.6,4,91.93,0,70,74.26916667,105.58
26-11-18,23.6,3,93.62,0,63,79.86291667,82.99
27-11-18,24.8,4,78.15,0,58,46.93041667,119.13
28-11-18,23.6,3,105.37,0,61,57.6325,138.19
29-11-18,23.1,3,6.7,0,62,94.66583333,121.14
30-11-18,22.5,0,84.53,0,64,90.80208333,186.59
01-12-18,22.2,3,75.1,0,63,115.4625,193.02
02-12-18,21.9,3,14.34,0,63,113.0333333,115.92
03-12-18,22.1,3,71.1,0,62,94.92083333,120.74
04-12-18,22.5,3,109.6,0,63,108.6041667,83.45
05-12-18,22.7,3,78.63,0,59,98.06086957,148.29
06-12-18,21.3,0,41.78,0,68,126.3375,185.36
07-12-18,21.2,2,63.56,0,63,127.8666667,164.64
08-12-18,21.5,3,100.61,0,64,127.2833333,114.78
09-12-18,21.2,3,94.04,0,68,109.4565217,156.3
10-12-18,20.3,0,64.99,0,69,128.3958333,171.54
11-12-18,21.3,2.5,70.66,0,64,145.4904762,156.09
12-12-18,21.2,3,77.26,0,69,133.0375,156.67
13-12-18,22.2,3,57.42,0,66,133.7578947,43.22
14-12-18,22.6,3,81.42,0,62,118.29,50.52
15-12-18,21.7,3,101.75,0,58,218.8204167,155.71
16-12-18,22.3,3,96.57,0,64,275.0542857,205.23
17-12-18,20,3,10.66,0,84,101.9,17.68
18-12-18,18,2.5,30.15,12,88,267.4547368,16.44
19-12-18,16.7,4,30.56,1,89,291.0845833,34.29
20-12-18,17.1,3,118.55,0,85,277.51875,86
21-12-18,19.3,3,111.92,0,72,220.2522727,62.58
22-12-18,19.9,4.3,113.53,0,69,233.14375,108
23-12-18,19.8,0,106.1,0,72,213.2545833,85.38
24-12-18,20.4,3,111.29,0,67,204.5565217,132.83
25-12-18,19.5,3,101.1,0,63,181.596087,109.08
26-12-18,19.2,3,103.24,0,57,203.5943478,74.79
27-12-18,18.8,3,108.24,0,56,210.0579167,84.2
28-12-18,17.9,3,127.91,0,43,230.6020833,113.65
29-12-18,17.5,3,115.04,0,51,276.3495833,61.43
30-12-18,18.2,5,137.77,0,66,344.3958333,65.26
31-12-18,19.5,3,128,0,63,250.58,55.16
